Society,Price_mean,Price_min,Price_max,Area_mean,Area_min,Area_max,Bedrooms_mean,Bedrooms_min,Bedrooms_max,Bathrooms_mean,Bathrooms_min,Bathrooms_max,Kitchens_mean,Kitchens_min,Kitchens_max,Store Rooms_mean,Store Rooms_min,Store Rooms_max,Servant Quarters_mean,Servant Quarters_min,Servant Quarters_max
"AUDIT & ACCOUNTS PHASE 1, AUDIT & ACCOUNTS HOUSING SOCIETY",18580952.38095238,11800000.0,24000000.0,1789.0714285714287,1089.0,2450.25,3.857142857142857,2.0,6.0,4.190476190476191,2.0,6.0,1.4761904761904763,1.0,2.0,0.5714285714285714,0.0,2.0,0.3333333333333333,0.0,2.0
"AUDIT & ACCOUNTS PHASE 2, AUDIT & ACCOUNTS HOUSING SOCIETY",10000000.0,8500000.0,11500000.0,1089.0,1089.0,1089.0,4.5,4.0,5.0,4.5,4.0,5.0,1.5,1.0,2.0,0.0,0.0,0.0,0.0,0.0,0.0
AWT Phase 2,40540000.0,14500000.0,67500000.0,4083.75,2722.5,5445.0,5.0,1.0,8.0,5.3,2.0,7.0,1.65,1.0,2.0,0.4,0.0,2.0,0.5,0.0,1.0
Aabpara Coop Housing Society,89000000.0,89000000.0,89000000.0,5445.0,5445.0,5445.0,5.0,5.0,5.0,6.0,6.0,6.0,2.0,2.0,2.0,1.0,1.0,1.0,1.0,1.0,1.0
Aamir Town,15990000.0,7600000.0,55000000.0,1125.75375,544.5,5445.0,3.85,3.0,6.0,4.05,3.0,6.0,1.55,1.0,3.0,0.7,0.0,2.0,0.65,0.0,2.0
Aashiana Road,8250000.0,7000000.0,9500000.0,748.6875,680.625,816.75,2.5,2.0,3.0,3.5,3.0,4.0,1.5,1.0,2.0,0.0,0.0,0.0,0.0,0.0,0.0
Abbas,25000000.0,25000000.0,25000000.0,1361.25,1361.25,1361.25,4.0,4.0,4.0,5.0,5.0,5.0,2.0,2.0,2.0,1.0,1.0,1.0,0.0,0.0,0.0
Abdalians,80900000.0,37500000.0,125000000.0,5009.4,2722.5,10890.0,5.1,4.0,6.0,6.0,5.0,7.0,1.9,1.0,3.0,1.2,0.0,2.0,0.8,0.0,2.0
Abid Garden,14533333.333333334,11500000.0,19100000.0,998.25,816.75,1361.25,3.0,3.0,3.0,4.0,4.0,4.0,1.6666666666666667,1.0,2.0,0.6666666666666666,0.0,1.0,0.0,0.0,0.0
Abid Majeed Road,280000000.0,280000000.0,280000000.0,8712.0,8712.0,8712.0,3.0,3.0,3.0,4.0,4.0,4.0,1.0,1.0,1.0,0.0,0.0,0.0,0.0,0.0,0.0
Aftab Garden,12500000.0,12500000.0,12500000.0,1361.25,1361.25,1361.25,3.0,3.0,3.0,3.0,3.0,3.0,1.0,1.0,1.0,2.0,2.0,2.0,1.0,1.0,1.0
Afzal Park,22500000.0,22500000.0,22500000.0,1905.75,1905.75,1905.75,5.0,5.0,5.0,6.0,6.0,6.0,1.0,1.0,1.0,0.0,0.0,0.0,0.0,0.0,0.0
Agrics Town,35000000.0,35000000.0,35000000.0,5445.0,5445.0,5445.0,4.0,4.0,4.0,4.0,4.0,4.0,1.0,1.0,1.0,1.0,1.0,1.0,0.0,0.0,0.0
Ahbab Colony,8500000.0,8500000.0,8500000.0,680.625,680.625,680.625,3.0,3.0,3.0,2.0,2.0,2.0,1.0,1.0,1.0,1.0,1.0,1.0,1.0,1.0,1.0
Air Avenue,55066666.666666664,39900000.0,75000000.0,3176.25,2722.5,5445.0,4.333333333333333,4.0,5.0,5.166666666666667,5.0,6.0,1.8333333333333333,1.0,2.0,1.0,0.0,2.0,1.1666666666666667,1.0,2.0
Airline Housing,58333333.333333336,45000000.0,75000000.0,3856.875,2722.5,5445.0,5.666666666666667,4.0,7.0,6.0,4.0,7.0,1.9166666666666667,1.0,3.0,0.75,0.0,2.0,0.6666666666666666,0.0,2.0
Airport Road,21200000.0,12000000.0,45000000.0,1482.25,816.75,3811.5,3.3333333333333335,3.0,5.0,4.333333333333333,4.0,6.0,1.3333333333333333,1.0,2.0,0.8888888888888888,0.0,1.0,0.3333333333333333,0.0,1.0
Aitchison Society,32383333.333333332,26500000.0,35000000.0,2541.0,2178.0,2722.5,5.5,5.0,6.0,5.833333333333333,5.0,7.0,1.6666666666666667,1.0,2.0,1.0,1.0,1.0,1.0,1.0,1.0
Al Faisal Town,5575000.0,4300000.0,8000000.0,415.18125,272.25,680.625,2.5,2.0,3.0,2.25,2.0,3.0,1.25,1.0,2.0,0.75,0.0,1.0,0.5,0.0,2.0
Al Falah Town,14700000.0,6500000.0,24000000.0,939.2624999999999,408.375,1361.25,3.0,2.0,5.0,3.5,2.0,5.0,1.6666666666666667,1.0,2.0,0.5,0.0,1.0,0.3333333333333333,0.0,1.0
Al Hafeez Garden Phase 1,17140540.54054054,9800000.0,31000000.0,1063.9824324324325,735.075,1905.75,3.689189189189189,3.0,6.0,4.202702702702703,3.0,7.0,1.7567567567567568,1.0,3.0,0.5945945945945946,0.0,2.0,0.32432432432432434,0.0,2.0
Al Hafeez Garden Phase 2,19900000.0,19900000.0,19900000.0,1361.25,1361.25,1361.25,4.0,4.0,4.0,5.0,5.0,5.0,2.0,2.0,2.0,0.0,0.0,0.0,0.0,0.0,0.0
Al Hamra Town,13000000.0,13000000.0,13000000.0,816.75,816.75,816.75,3.0,3.0,3.0,3.0,3.0,3.0,1.5,1.0,2.0,0.0,0.0,0.0,0.0,0.0,0.0
Al Haram Garden,9255172.413793104,4500000.0,18500000.0,1098.3879310344828,816.75,1361.25,3.1379310344827585,2.0,5.0,3.4482758620689653,2.0,5.0,1.4482758620689655,1.0,2.0,0.5172413793103449,0.0,2.0,0.3793103448275862,0.0,1.0
Al Jalil Garden,18575000.0,9500000.0,30000000.0,1896.0267857142858,816.75,2722.5,4.25,3.0,7.0,4.785714285714286,2.0,7.0,1.3928571428571428,1.0,2.0,0.32142857142857145,0.0,1.0,0.39285714285714285,0.0,2.0
Al Kabir Orchard,11399999.999999998,11399999.999999998,11399999.999999998,1361.25,1361.25,1361.25,5.0,5.0,5.0,5.0,5.0,5.0,1.0,1.0,1.0,0.0,0.0,0.0,0.0,0.0,0.0
Al Kareem City,8000000.0,8000000.0,8000000.0,816.75,816.75,816.75,2.0,2.0,2.0,2.0,2.0,2.0,1.0,1.0,1.0,0.0,0.0,0.0,0.0,0.0,0.0
Al Kareem Garden,14955555.555555556,7000000.0,26500000.0,1119.25,816.75,1633.5,4.111111111111111,2.0,5.0,4.888888888888889,3.0,6.0,1.4444444444444444,1.0,2.0,0.5555555555555556,0.0,1.0,0.3333333333333333,0.0,1.0
Al Noor Park,5390909.090909091,3300000.0,7000000.0,816.75,816.75,816.75,2.4545454545454546,1.0,4.0,2.6363636363636362,1.0,3.0,1.4545454545454546,1.0,2.0,0.36363636363636365,0.0,2.0,0.36363636363636365,0.0,2.0
Al Raheem Garden,15676190.476190476,7000000.0,42500000.0,1068.257142857143,680.625,2178.0,3.6666666666666665,3.0,5.0,3.9523809523809526,3.0,6.0,1.7619047619047619,1.0,3.0,0.47619047619047616,0.0,1.0,0.7142857142857143,0.0,2.0
Al Rehman Garden Phase 1,20151515.151515152,9700000.0,57500000.0,1559.25,816.75,5445.0,4.363636363636363,2.0,8.0,4.909090909090909,3.0,6.0,1.7272727272727273,1.0,3.0,0.18181818181818182,0.0,1.0,0.24242424242424243,0.0,2.0
Al Rehman Garden Phase 2,20539454.887218047,7195000.0,90000000.0,1464.111372180451,816.75,5445.0,4.2593984962406015,1.0,8.0,5.067669172932331,2.0,7.0,1.7593984962406015,1.0,3.0,0.650375939849624,0.0,2.0,0.556390977443609,0.0,2.0
Al Rehman Garden Phase 3,8500000.0,7500000.0,10500000.0,998.25,544.5,1361.25,3.3333333333333335,2.0,5.0,3.6666666666666665,3.0,5.0,1.3333333333333333,1.0,2.0,0.0,0.0,0.0,0.0,0.0,0.0
Al Rehman Garden Phase 4,19187500.0,12000000.0,30000000.0,1565.4375,816.75,2722.5,4.5,3.0,5.0,5.125,4.0,6.0,1.625,1.0,2.0,0.375,0.0,1.0,0.0,0.0,0.0
Al Rehman Garden Phase 7,11250000.0,8750000.0,12500000.0,1225.125,952.875,1361.25,4.0,3.0,5.0,4.333333333333333,3.0,6.0,1.3333333333333333,1.0,2.0,0.3333333333333333,0.0,1.0,0.3333333333333333,0.0,1.0
Al-Ahmad Garden,14244230.76923077,7500000.0,32500000.0,1156.5389423076924,544.5,2722.5,3.894230769230769,2.0,5.0,4.4423076923076925,2.0,6.0,1.7403846153846154,1.0,3.0,0.5096153846153846,0.0,2.0,0.47115384615384615,0.0,2.0
Al-Ghani Garden Phase 1,19266666.666666668,8000000.0,35000000.0,1452.0,816.75,2178.0,4.0,3.0,5.0,5.0,4.0,6.0,1.3333333333333333,1.0,2.0,0.3333333333333333,0.0,1.0,0.0,0.0,0.0
Al-Ghani Garden Phase 2,11200000.0,8500000.0,20000000.0,1105.335,707.85,1905.75,3.2,2.0,5.0,3.4,3.0,5.0,1.2,1.0,2.0,0.4,0.0,1.0,0.4,0.0,1.0
Al-Ghani Garden Phase 3,7600000.0,7500000.0,7700000.0,816.75,816.75,816.75,3.0,3.0,3.0,4.0,4.0,4.0,1.0,1.0,1.0,0.0,0.0,0.0,0.0,0.0,0.0
Al-Hadi Garden,20750000.0,12500000.0,29000000.0,1551.825,1197.9,1905.75,4.5,4.0,5.0,5.0,4.0,6.0,1.5,1.0,2.0,1.0,1.0,1.0,0.5,0.0,1.0
Al-Hafiz Town,10975000.0,4700000.0,14000000.0,936.99375,408.375,1361.25,2.5833333333333335,2.0,4.0,2.5833333333333335,2.0,4.0,1.5,1.0,2.0,0.8333333333333334,0.0,1.0,0.08333333333333333,0.0,1.0
Al-Hamad Colony,18625000.0,9000000.0,30000000.0,1293.1875,816.75,2722.5,3.0,1.0,4.0,3.5,2.0,4.0,1.25,1.0,2.0,0.75,0.0,2.0,0.75,0.0,2.0
Al-Hamd Gardens,20333333.333333332,13000000.0,25000000.0,1188.825,816.75,1361.25,4.0,3.0,6.0,4.333333333333333,3.0,6.0,1.5,1.0,2.0,0.5,0.0,2.0,0.3333333333333333,0.0,2.0
Al-Hamd Park,12869230.76923077,9000000.0,19500000.0,795.8076923076923,544.5,1089.0,3.4615384615384617,3.0,5.0,3.3076923076923075,3.0,4.0,1.8461538461538463,1.0,2.0,0.9230769230769231,0.0,2.0,0.15384615384615385,0.0,2.0
Al-Kabir Town Phase 1,12657711.86440678,3485000.0,23500000.0,869.8156779661017,272.25,1361.25,3.1864406779661016,1.0,5.0,3.6271186440677967,1.0,5.0,1.5593220338983051,1.0,2.0,0.576271186440678,0.0,2.0,0.5254237288135594,0.0,2.0
Al-Kabir Town Phase 2,13211111.111111112,7000000.0,23500000.0,937.75,816.75,1361.25,3.361111111111111,3.0,4.0,4.0,3.0,5.0,1.3333333333333333,1.0,2.0,0.3611111111111111,0.0,2.0,0.3888888888888889,0.0,2.0
Al-Kareem Premier,12500000.0,9000000.0,17700000.0,771.375,544.5,1089.0,5.0,5.0,5.0,5.0,5.0,5.0,2.0,2.0,2.0,1.3333333333333333,1.0,2.0,1.6666666666666667,1.0,2.0
Al-Qayyum Garden,8000000.0,8000000.0,8000000.0,816.75,816.75,816.75,3.0,3.0,3.0,3.5,3.0,4.0,2.0,2.0,2.0,0.5,0.0,1.0,0.5,0.0,1.0
Ali Housing,17000000.0,17000000.0,17000000.0,1361.25,1361.25,1361.25,4.0,4.0,4.0,4.0,4.0,4.0,1.0,1.0,1.0,1.0,1.0,1.0,2.0,2.0,2.0
Ali Park,16166666.666666666,15000000.0,18500000.0,1179.75,1089.0,1361.25,3.3333333333333335,3.0,4.0,4.333333333333333,4.0,5.0,2.0,2.0,2.0,1.0,1.0,1.0,0.3333333333333333,0.0,1.0
Ali View Garden,37500000.0,37500000.0,37500000.0,2450.25,2450.25,2450.25,4.0,4.0,4.0,4.0,4.0,4.0,1.0,1.0,1.0,1.0,1.0,1.0,0.0,0.0,0.0
Allama Iqbal Town,39004635.7615894,5000000.0,170000000.0,2291.407450331126,272.25,10890.0,4.397350993377484,2.0,7.0,4.6092715231788075,2.0,7.0,1.6887417218543046,1.0,3.0,0.7350993377483444,0.0,2.0,0.5629139072847682,0.0,2.0
Altaf Colony,4500000.0,4500000.0,4500000.0,544.5,544.5,544.5,3.0,3.0,3.0,3.0,3.0,3.0,1.0,1.0,1.0,0.0,0.0,0.0,0.0,0.0,0.0
Amina Park,7000000.0,7000000.0,7000000.0,680.625,680.625,680.625,2.0,2.0,2.0,3.0,3.0,3.0,1.0,1.0,1.0,1.0,1.0,1.0,1.0,1.0,1.0
Architects Engineers Housing Society,33676666.666666664,13500000.0,42500000.0,2332.275,816.75,3539.25,4.933333333333334,2.0,6.0,5.4,2.0,6.0,1.7666666666666666,1.0,3.0,0.8333333333333334,0.0,2.0,0.5666666666666667,0.0,1.0
Ashiana-e-Quaid,4800000.0,4800000.0,4800000.0,544.5,544.5,544.5,2.0,2.0,2.0,2.0,2.0,2.0,2.0,2.0,2.0,1.0,1.0,1.0,1.0,1.0,1.0
Ashraf Garden,15575000.0,12800000.0,18000000.0,1293.1875,1089.0,1361.25,4.5,4.0,5.0,5.0,4.0,6.0,1.5,1.0,2.0,0.5,0.0,1.0,0.5,0.0,1.0
Askari 10,80565934.06593406,35000000.0,190000000.0,4018.2304945054943,2722.5,9256.5,4.637362637362638,3.0,10.0,5.428571428571429,3.0,7.0,1.1758241758241759,1.0,2.0,0.8901098901098901,0.0,2.0,0.8571428571428571,0.0,2.0
Askari 11,55783116.883116886,21000000.0,100000000.0,3298.8214285714284,1361.25,6534.0,3.857142857142857,3.0,5.0,4.688311688311688,3.0,6.0,1.3246753246753247,1.0,2.0,0.8831168831168831,0.0,2.0,0.8961038961038961,0.0,2.0
Askari 3,42214285.71428572,37500000.0,63000000.0,2800.285714285714,2722.5,3267.0,4.142857142857143,4.0,5.0,4.142857142857143,4.0,5.0,2.0,2.0,2.0,0.8571428571428571,0.0,1.0,1.0,1.0,1.0
Askari 5,70876470.58823529,54000000.0,85000000.0,3106.8529411764707,2722.5,3811.5,3.7058823529411766,3.0,4.0,4.411764705882353,4.0,5.0,1.6470588235294117,1.0,2.0,0.7647058823529411,0.0,1.0,0.7647058823529411,0.0,1.0
Askari 9,44722222.222222224,42000000.0,47500000.0,2722.5,2722.5,2722.5,3.0,3.0,3.0,3.0,3.0,3.0,1.0,1.0,1.0,0.4444444444444444,0.0,1.0,0.4444444444444444,0.0,1.0
Atomic Energy Society,22620000.0,12600000.0,34000000.0,1824.075,952.875,2722.5,3.8,3.0,5.0,4.6,3.0,7.0,1.6,1.0,2.0,0.2,0.0,1.0,0.4,0.0,1.0
Audit & Accounts Phase 1,19007142.85714286,11500000.0,40000000.0,1948.5321428571428,1089.0,4356.0,3.5,2.0,6.0,3.7142857142857144,2.0,6.0,1.5,1.0,3.0,0.42857142857142855,0.0,2.0,0.5,0.0,1.0
Awan Town,27500000.0,12500000.0,39500000.0,2897.5178571428573,680.625,5445.0,4.571428571428571,2.0,6.0,4.714285714285714,3.0,6.0,1.4285714285714286,1.0,2.0,0.5714285714285714,0.0,2.0,0.42857142857142855,0.0,2.0
Azam Gardens,17970000.0,9000000.0,39500000.0,1252.35,544.5,2722.5,4.0,3.0,6.0,4.3,3.0,6.0,2.1,1.0,3.0,0.9,0.0,1.0,0.4,0.0,1.0
"BAHRIA NASHEMAN, LAHORE",15982456.140350876,9500000.0,22600000.0,1565.1986842105262,816.75,2178.0,3.3333333333333335,1.0,5.0,4.105263157894737,2.0,6.0,1.543859649122807,1.0,2.0,0.5263157894736842,0.0,2.0,0.45614035087719296,0.0,2.0
BOR,49385714.28571428,14000000.0,125000000.0,4005.964285714286,816.75,16335.0,4.0,3.0,5.0,4.428571428571429,3.0,6.0,1.4285714285714286,1.0,2.0,0.42857142857142855,0.0,1.0,0.42857142857142855,0.0,2.0
Bagh Gul Begum,10000000.0,10000000.0,10000000.0,544.5,544.5,544.5,4.0,4.0,4.0,4.0,4.0,4.0,2.0,2.0,2.0,1.0,1.0,1.0,1.0,1.0,1.0
Bagh-e-Iram,18500000.0,18500000.0,18500000.0,1361.25,1361.25,1361.25,4.0,4.0,4.0,3.0,3.0,3.0,1.0,1.0,1.0,0.0,0.0,0.0,0.0,0.0,0.0
Baghbanpura,22500000.0,22500000.0,22500000.0,1361.25,1361.25,1361.25,5.0,5.0,5.0,5.0,5.0,5.0,2.0,2.0,2.0,0.0,0.0,0.0,0.0,0.0,0.0
Bahria Nasheman,17071153.846153848,11000000.0,25000000.0,1670.1490384615386,1361.25,2178.0,3.6346153846153846,2.0,6.0,4.211538461538462,1.0,6.0,1.6923076923076923,1.0,3.0,0.7115384615384616,0.0,2.0,0.6730769230769231,0.0,2.0
Bahria Orchard Low Cost,18218253.968253966,9200000.0,37000000.0,1657.267857142857,1361.25,3267.0,3.5634920634920637,2.0,5.0,4.476190476190476,2.0,7.0,1.7142857142857142,1.0,3.0,0.5793650793650794,0.0,2.0,0.5079365079365079,0.0,2.0
Bahria Orchard Phase 1,25242918.45493562,8500000.0,60000000.0,2128.2238197424895,1089.0,5445.0,4.145922746781116,2.0,8.0,5.012875536480687,1.0,7.0,1.6223175965665235,1.0,3.0,0.5879828326180258,0.0,2.0,0.575107296137339,0.0,2.0
Bahria Orchard Phase 3,19750000.0,16500000.0,23000000.0,2178.0,2178.0,2178.0,5.0,5.0,5.0,6.5,6.0,7.0,1.5,1.0,2.0,0.5,0.0,1.0,0.5,0.0,1.0
Bahria Orchard Phase 4,16500000.0,4800000.0,38000000.0,1944.642857142857,1361.25,5445.0,3.857142857142857,2.0,6.0,4.333333333333333,2.0,6.0,1.6666666666666667,1.0,3.0,0.6190476190476191,0.0,2.0,0.6666666666666666,0.0,2.0
Bahria Town,39914451.61290322,4800000.0,250000000.0,2719.549161290323,299.475,21780.0,4.361290322580645,1.0,9.0,5.3103225806451615,1.0,7.0,1.8858064516129032,1.0,3.0,0.41483870967741937,0.0,2.0,0.5612903225806452,0.0,2.0
Bankers Avenue,30211538.46153846,9000000.0,75000000.0,2708.0498076923077,843.975,5445.0,4.384615384615385,2.0,6.0,5.046153846153846,2.0,7.0,1.8384615384615384,1.0,3.0,0.6846153846153846,0.0,2.0,0.7,0.0,2.0
Bankers Housing,30423076.923076924,19500000.0,44500000.0,2136.1153846153848,1361.25,2722.5,4.3076923076923075,3.0,7.0,5.0,3.0,6.0,1.7692307692307692,1.0,2.0,0.6923076923076923,0.0,1.0,0.6153846153846154,0.0,2.0
Barkat Colony,7000000.0,7000000.0,7000000.0,816.75,816.75,816.75,3.0,3.0,3.0,3.0,3.0,3.0,1.0,1.0,1.0,0.0,0.0,0.0,0.0,0.0,0.0
Beacon House Society,38172727.27272727,18500000.0,55000000.0,3546.675,1361.25,5445.0,5.545454545454546,4.0,9.0,5.909090909090909,5.0,6.0,1.9090909090909092,1.0,2.0,0.6363636363636364,0.0,1.0,0.5454545454545454,0.0,1.0
Bedian Greens Farm,18000000.0,18000000.0,18000000.0,27225.0,27225.0,27225.0,1.0,1.0,1.0,1.0,1.0,1.0,1.0,1.0,1.0,0.0,0.0,0.0,0.0,0.0,0.0
Bedian Road,20127272.727272727,7800000.0,55000000.0,1942.875,680.625,5445.0,3.227272727272727,2.0,5.0,4.045454545454546,2.0,7.0,1.5,1.0,2.0,0.5,0.0,1.0,0.36363636363636365,0.0,2.0
Begum Kot,5650000.0,4500000.0,6800000.0,816.75,816.75,816.75,1.5,1.0,2.0,1.5,1.0,2.0,1.0,1.0,1.0,0.5,0.0,1.0,0.0,0.0,0.0
Bismillah Housing,24662222.222222224,9200000.0,50000000.0,1635.6175,680.625,3158.1,4.488888888888889,3.0,6.0,5.022222222222222,3.0,7.0,1.8222222222222222,1.0,3.0,0.5222222222222223,0.0,2.0,0.5666666666666667,0.0,2.0
Canal Bank,17264102.564102564,8000000.0,67000000.0,1302.6115384615384,544.5,5445.0,3.4358974358974357,1.0,9.0,3.8205128205128207,1.0,7.0,1.2564102564102564,1.0,2.0,0.41025641025641024,0.0,2.0,0.2564102564102564,0.0,1.0
Canal Burg,38000000.0,38000000.0,38000000.0,2178.0,2178.0,2178.0,5.0,5.0,5.0,5.0,5.0,5.0,1.0,1.0,1.0,0.0,0.0,0.0,0.0,0.0,0.0
Canal Fort II,14800000.0,8500000.0,22500000.0,1306.8,816.75,2178.0,4.0,3.0,5.0,4.6,3.0,6.0,1.6,1.0,2.0,0.8,0.0,1.0,0.4,0.0,2.0
Canal Garden,29211827.956989247,11500000.0,139500000.0,2432.3927419354836,735.075,10890.0,4.602150537634409,3.0,7.0,5.010752688172043,3.0,7.0,1.7956989247311828,1.0,3.0,0.8387096774193549,0.0,2.0,0.5698924731182796,0.0,2.0
Canal Point,14911111.111111112,6800000.0,25000000.0,968.0,544.5,1361.25,3.2222222222222223,2.0,4.0,3.6666666666666665,2.0,6.0,1.6666666666666667,1.0,3.0,0.2222222222222222,0.0,1.0,0.1111111111111111,0.0,1.0
Canal Valley,18811111.111111112,11800000.0,39000000.0,1270.5,816.75,2722.5,3.5555555555555554,3.0,5.0,4.0,3.0,7.0,1.7777777777777777,1.0,2.0,0.8888888888888888,0.0,2.0,0.7777777777777778,0.0,2.0
Canal View,74690000.0,34000000.0,135000000.0,6425.1,2722.5,12523.499999999998,5.4,4.0,6.0,5.7,4.0,6.0,1.5,1.0,2.0,0.8,0.0,2.0,0.7,0.0,1.0
Cantt,96400000.0,4500000.0,300000000.0,5277.174657534247,353.925,16335.0,4.191780821917808,2.0,8.0,4.561643835616438,1.0,7.0,1.4657534246575343,1.0,2.0,0.7123287671232876,0.0,2.0,0.6301369863013698,0.0,2.0
Cantt View,250000000.0,250000000.0,250000000.0,10890.0,10890.0,10890.0,5.0,5.0,5.0,6.0,6.0,6.0,2.0,2.0,2.0,0.0,0.0,0.0,1.0,1.0,1.0
Cavalry Ground,47759722.222222224,11000000.0,260000000.0,2660.4875,544.5,16335.0,3.7777777777777777,3.0,9.0,4.166666666666667,3.0,7.0,1.5833333333333333,1.0,3.0,0.6527777777777778,0.0,2.0,0.5138888888888888,0.0,2.0
Central Park,27895389.048991356,10500000.0,103000000.0,2147.009005763689,27.225,10890.0,4.077809798270893,1.0,7.0,4.8097982708933715,2.0,7.0,1.8357348703170029,1.0,3.0,0.6628242074927954,0.0,2.0,0.6426512968299711,0.0,2.0
Chauburji,39500000.0,7500000.0,85000000.0,2631.7500000000005,544.5,5989.500000000001,3.6666666666666665,3.0,5.0,3.6666666666666665,2.0,6.0,2.0,2.0,2.0,1.0,0.0,2.0,0.3333333333333333,0.0,1.0
Chinar Bagh,31458333.333333332,9000000.0,65000000.0,4877.8125,1361.25,10890.0,4.416666666666667,2.0,8.0,4.791666666666667,2.0,7.0,1.3333333333333333,1.0,2.0,0.625,0.0,2.0,0.5,0.0,2.0
Chughtai Garden,3950000.0,2700000.0,5200000.0,816.75,816.75,816.75,2.0,1.0,3.0,2.5,2.0,3.0,1.5,1.0,2.0,0.0,0.0,0.0,0.5,0.0,1.0
Chung,7100000.0,6500000.0,7700000.0,680.625,544.5,816.75,3.5,3.0,4.0,4.5,4.0,5.0,1.5,1.0,2.0,0.5,0.0,1.0,0.0,0.0,0.0
Chungi Amar Sadhu,8808333.333333334,5000000.0,29000000.0,916.5749999999999,544.5,2722.5,3.1666666666666665,2.0,4.0,3.0833333333333335,2.0,5.0,1.8333333333333333,1.0,3.0,1.0,0.0,2.0,0.6666666666666666,0.0,2.0
Clifton Colony,16100000.0,6800000.0,22500000.0,1533.675,517.275,2722.5,4.333333333333333,4.0,5.0,3.3333333333333335,2.0,4.0,1.3333333333333333,1.0,2.0,0.6666666666666666,0.0,1.0,0.6666666666666666,0.0,1.0
College Road,20108333.333333332,7500000.0,62000000.0,1520.0625,544.5,5445.0,3.8333333333333335,3.0,7.0,4.25,3.0,6.0,1.9166666666666667,1.0,2.0,0.9166666666666666,0.0,2.0,0.6666666666666666,0.0,2.0
Combo Colony,40000000.0,40000000.0,40000000.0,2178.0,2178.0,2178.0,8.0,8.0,8.0,5.0,5.0,5.0,1.0,1.0,1.0,1.0,1.0,1.0,0.0,0.0,0.0
DHA 11 Rahbar,27544947.735191636,14000000.0,81900000.0,1660.5352787456445,816.75,5445.0,3.3693379790940767,3.0,6.0,4.195121951219512,3.0,7.0,1.7630662020905923,1.0,3.0,0.6480836236933798,0.0,2.0,0.5714285714285714,0.0,2.0
DHA 9 Town,25838938.053097345,17500000.0,185000000.0,1466.054203539823,1361.25,10890.0,3.187315634218289,2.0,6.0,4.176991150442478,2.0,7.0,1.5943952802359882,1.0,3.0,0.7345132743362832,0.0,2.0,0.6356932153392331,0.0,2.0
DHA EME,105000000.0,105000000.0,105000000.0,5445.0,5445.0,5445.0,5.0,5.0,5.0,6.0,6.0,6.0,2.0,2.0,2.0,1.0,1.0,1.0,1.0,1.0,1.0
DHA Phase 1,97493600.0,17500000.0,380000000.0,6676.659,952.875,10890.0,4.952,2.0,8.0,5.704,1.0,7.0,1.816,1.0,3.0,1.056,0.0,2.0,1.128,0.0,2.0
DHA Phase 2,111638297.87234043,24000000.0,360000000.0,6955.697872340425,1361.25,21780.0,4.9787234042553195,3.0,8.0,5.776595744680851,3.0,7.0,1.702127659574468,1.0,3.0,0.9468085106382979,0.0,2.0,1.127659574468085,0.0,2.0
DHA Phase 3,110335106.38297872,24000000.0,470000000.0,5805.586436170212,1361.25,21780.0,4.824468085106383,3.0,10.0,5.627659574468085,3.0,7.0,1.797872340425532,1.0,3.0,0.9680851063829787,0.0,2.0,1.1595744680851063,0.0,2.0
DHA Phase 4,68722549.01960784,21500000.0,175000000.0,4453.55625,1361.25,7622.999999999999,4.75,3.0,7.0,5.671568627450981,3.0,7.0,1.8970588235294117,1.0,3.0,0.9264705882352942,0.0,2.0,1.1568627450980393,0.0,2.0
DHA Phase 5,100537598.42519686,22500000.0,450000000.0,4843.156003937008,1361.25,21780.0,4.791338582677166,3.0,10.0,5.683070866141732,3.0,7.0,1.905511811023622,1.0,3.0,0.9094488188976378,0.0,2.0,1.1535433070866141,0.0,2.0
DHA Phase 6,132984448.69343531,20200000.0,720000000.0,5707.099187380497,1361.25,27225.0,5.038240917782026,2.0,9.0,5.947737412364563,3.0,7.0,2.065646908859146,1.0,3.0,1.075844486934353,0.0,2.0,1.4021669853409815,0.0,2.0
DHA Phase 7,82124926.9005848,17500000.0,825000000.0,5183.297697368421,1361.25,27225.0,4.900584795321637,2.0,9.0,5.858187134502924,3.0,7.0,2.016812865497076,1.0,3.0,0.9963450292397661,0.0,2.0,1.3084795321637428,0.0,2.0
DHA Phase 8,90348214.28571428,13200000.0,300000000.0,4735.205357142857,1361.25,14157.0,4.901785714285714,3.0,10.0,5.693452380952381,4.0,7.0,1.9464285714285714,1.0,3.0,0.9553571428571429,0.0,2.0,1.1666666666666667,0.0,2.0
DHA Phase 9,23062500.0,6500000.0,32500000.0,1361.25,1361.25,1361.25,3.375,3.0,5.0,4.25,4.0,5.0,1.625,1.0,3.0,0.75,0.0,1.0,0.75,0.0,2.0
Daroghewala,4500000.0,4500000.0,4500000.0,816.75,816.75,816.75,2.0,2.0,2.0,1.0,1.0,1.0,1.0,1.0,1.0,0.0,0.0,0.0,0.0,0.0,0.0
Dawood Residency,18000000.0,16500000.0,19500000.0,1293.1875,1225.125,1361.25,4.0,4.0,4.0,4.0,4.0,4.0,2.0,2.0,2.0,0.0,0.0,0.0,0.5,0.0,1.0
Defence Fort,14000000.0,14000000.0,14000000.0,816.75,816.75,816.75,3.0,3.0,3.0,4.0,4.0,4.0,2.0,2.0,2.0,1.0,1.0,1.0,1.0,1.0,1.0
Defence Raya,162908620.68965518,47500000.0,400000000.0,6468.2844827586205,2722.5,11434.5,4.982758620689655,4.0,8.0,5.862068965517241,4.0,7.0,1.2586206896551724,1.0,3.0,0.5172413793103449,0.0,2.0,0.4482758620689655,0.0,2.0
Divine Gardens,34227272.72727273,22000000.0,48500000.0,2400.75,1361.25,3267.0,3.5454545454545454,3.0,5.0,4.2272727272727275,3.0,6.0,1.2272727272727273,1.0,2.0,0.8181818181818182,0.0,2.0,0.8636363636363636,0.0,2.0
Dream Avenue,17500000.0,12500000.0,23000000.0,1188.0,816.75,1633.5,3.8181818181818183,3.0,7.0,3.909090909090909,3.0,6.0,1.7272727272727273,1.0,3.0,1.0909090909090908,0.0,2.0,0.6363636363636364,0.0,2.0
Dream Gardens Phase 1,31921052.63157895,12000000.0,165000000.0,1974.0513157894738,816.75,10890.0,4.543859649122807,3.0,8.0,4.912280701754386,3.0,7.0,1.912280701754386,1.0,3.0,0.7543859649122807,0.0,2.0,0.5087719298245614,0.0,2.0
Dream Gardens Phase 2,38136363.63636363,23000000.0,125000000.0,2277.0,1361.25,8167.5,4.545454545454546,4.0,8.0,5.181818181818182,4.0,7.0,2.1818181818181817,2.0,3.0,1.0909090909090908,0.0,2.0,1.0,0.0,2.0
Dubai Town,11500000.0,11500000.0,11500000.0,816.75,816.75,816.75,3.0,3.0,3.0,4.0,4.0,4.0,3.0,3.0,3.0,0.0,0.0,0.0,0.0,0.0,0.0
Dubban Pura,6500000.0,6500000.0,6500000.0,544.5,544.5,544.5,3.0,3.0,3.0,3.0,3.0,3.0,1.0,1.0,1.0,2.0,2.0,2.0,1.0,1.0,1.0
"EASTERN HOUSING - EAST BAY COMMERCIAL HUB, EASTERN HOUSING LAHORE, WAGHA TOWN",11000000.0,11000000.0,11000000.0,816.75,816.75,816.75,4.0,4.0,4.0,5.0,5.0,5.0,1.0,1.0,1.0,0.0,0.0,0.0,0.0,0.0,0.0
EDEN LANE VILLAS,17440000.0,8500000.0,45000000.0,1606.275,816.75,2722.5,2.9,2.0,4.0,2.3,2.0,3.0,1.2,1.0,2.0,0.6,0.0,2.0,0.3,0.0,1.0
"EDENABAD, EDEN, LAHORE",10533333.333333334,6000000.0,16000000.0,848.5124999999999,816.75,952.875,3.1666666666666665,2.0,4.0,3.0,2.0,4.0,1.5,1.0,2.0,0.6666666666666666,0.0,2.0,0.5,0.0,2.0
EME Society,96185185.18518518,22500000.0,400000000.0,5087.041666666667,1361.25,10890.0,4.944444444444445,3.0,8.0,5.351851851851852,3.0,7.0,1.8333333333333333,1.0,3.0,0.8148148148148148,0.0,2.0,0.5740740740740741,0.0,2.0
Eastern Housing,17000000.0,11000000.0,21000000.0,1361.25,1361.25,1361.25,4.5,4.0,5.0,5.0,4.0,6.0,1.75,1.0,2.0,0.5,0.0,1.0,0.0,0.0,0.0
Eden Avenue,37157894.7368421,31500000.0,51500000.0,2817.071052631579,2450.25,3375.9,3.526315789473684,3.0,5.0,3.6315789473684212,2.0,5.0,1.1578947368421053,1.0,2.0,0.7368421052631579,0.0,1.0,0.6842105263157895,0.0,1.0
Eden Boulevard,20605454.545454547,15000000.0,29000000.0,1336.5,1089.0,2178.0,4.2727272727272725,2.0,6.0,5.054545454545455,3.0,7.0,1.6363636363636365,1.0,2.0,0.43636363636363634,0.0,2.0,0.4727272727272727,0.0,2.0
Eden Canal Villas,50000000.0,20000000.0,90000000.0,3176.25,1361.25,5445.0,4.0,3.0,5.0,4.666666666666667,4.0,6.0,2.0,2.0,2.0,0.6666666666666666,0.0,1.0,0.0,0.0,0.0
Eden City,52928205.12820513,35000000.0,90000000.0,3979.0384615384614,2722.5,5445.0,4.769230769230769,4.0,7.0,5.538461538461538,4.0,7.0,1.8461538461538463,1.0,3.0,0.9230769230769231,0.0,2.0,1.0512820512820513,0.0,2.0
Eden Gardens,14500000.0,12000000.0,17000000.0,1388.475,1361.25,1415.7,3.5,3.0,4.0,3.0,2.0,4.0,2.5,2.0,3.0,1.0,0.0,2.0,1.0,0.0,2.0
Eden Palace Villas,32500000.0,25000000.0,36500000.0,2450.25,1905.75,2722.5,4.0,4.0,4.0,5.0,5.0,5.0,1.3333333333333333,1.0,2.0,0.6666666666666666,0.0,1.0,0.6666666666666666,0.0,1.0
Eden Residencia,16800000.0,8500000.0,30000000.0,1281.6692307692308,816.75,2178.0,4.769230769230769,3.0,8.0,5.153846153846154,4.0,6.0,1.8461538461538463,1.0,3.0,0.9230769230769231,0.0,2.0,0.6923076923076923,0.0,2.0
Eden Value Homes,18928571.42857143,8500000.0,29000000.0,1614.0535714285713,544.5,2722.5,3.4285714285714284,2.0,5.0,3.2857142857142856,2.0,5.0,1.1428571428571428,1.0,2.0,0.8571428571428571,0.0,1.0,0.8571428571428571,0.0,2.0
Edenabad,53750000.0,47500000.0,60000000.0,4083.75,2722.5,5445.0,5.5,5.0,6.0,6.0,5.0,7.0,2.0,2.0,2.0,0.5,0.0,1.0,1.5,1.0,2.0
Elite Town,12526086.956521738,4500000.0,67500000.0,2426.5760869565215,680.625,10890.0,3.0869565217391304,1.0,6.0,3.608695652173913,2.0,6.0,1.391304347826087,1.0,2.0,0.43478260869565216,0.0,2.0,0.43478260869565216,0.0,2.0
Emerald City,7000000.0,7000000.0,7000000.0,816.75,816.75,816.75,3.0,3.0,3.0,3.0,3.0,3.0,2.0,2.0,2.0,1.0,1.0,1.0,0.0,0.0,0.0
Etihad Town Phase 1,31129090.90909091,20900000.0,65000000.0,1529.55,816.75,2722.5,4.418181818181818,3.0,7.0,4.945454545454545,3.0,7.0,2.018181818181818,1.0,3.0,0.6727272727272727,0.0,2.0,0.6363636363636364,0.0,2.0
Etihad Town Phase 3,16500000.0,16500000.0,16500000.0,5445.0,5445.0,5445.0,5.0,5.0,5.0,5.0,5.0,5.0,1.0,1.0,1.0,0.0,0.0,0.0,0.0,0.0,0.0
Fahad Town,7500000.0,7500000.0,7500000.0,1020.9375,680.625,1361.25,5.0,3.0,7.0,3.5,3.0,4.0,2.5,2.0,3.0,1.0,0.0,2.0,0.0,0.0,0.0
Faisal Town,50245098.039215684,19500000.0,155000000.0,3026.779411764706,1361.25,10890.0,4.313725490196078,2.0,7.0,4.411764705882353,2.0,7.0,1.7254901960784315,1.0,3.0,0.7254901960784313,0.0,2.0,0.5490196078431373,0.0,2.0
Farooq Colony,13166666.666666666,8000000.0,17000000.0,726.0,544.5,816.75,3.6666666666666665,2.0,5.0,4.0,2.0,6.0,1.3333333333333333,1.0,2.0,0.6666666666666666,0.0,1.0,1.0,1.0,1.0
Fateh Garh,9250000.0,4500000.0,15000000.0,760.03125,408.375,1361.25,3.4166666666666665,2.0,5.0,3.4166666666666665,2.0,5.0,1.6666666666666667,1.0,3.0,0.25,0.0,1.0,0.25,0.0,1.0
Fazaia Phase 1,71604166.66666667,38000000.0,155000000.0,4991.25,2722.5,8712.0,5.375,2.0,8.0,5.708333333333333,3.0,7.0,1.625,1.0,3.0,0.875,0.0,2.0,0.8333333333333334,0.0,2.0
Fazaia Phase 2,15500000.0,15500000.0,15500000.0,1361.25,1361.25,1361.25,4.0,4.0,4.0,5.0,5.0,5.0,2.0,2.0,2.0,1.0,1.0,1.0,1.0,1.0,1.0
Fazlia Colony,110000000.0,110000000.0,110000000.0,4356.0,4356.0,4356.0,8.0,8.0,8.0,7.0,7.0,7.0,1.0,1.0,1.0,0.0,0.0,0.0,0.0,0.0,0.0
Ferozepur Road,8132575.757575758,4700000.0,18000000.0,863.3625000000001,544.5,2722.5,2.9696969696969697,1.0,5.0,2.9696969696969697,1.0,5.0,1.6666666666666667,1.0,2.0,0.6818181818181818,0.0,2.0,0.6363636363636364,0.0,2.0
Ferozewala,10000000.0,10000000.0,10000000.0,2178.0,2178.0,2178.0,2.0,2.0,2.0,3.0,3.0,3.0,1.0,1.0,1.0,0.0,0.0,0.0,0.0,0.0,0.0
"Firdous Market, Gulberg",22500000.0,22500000.0,22500000.0,1361.25,1361.25,1361.25,5.0,5.0,5.0,6.0,6.0,6.0,1.0,1.0,1.0,0.0,0.0,0.0,0.0,0.0,0.0
Formanites Housing,23710256.410256412,10500000.0,61000000.0,1870.8461538461538,544.5,5445.0,3.888888888888889,2.0,6.0,4.6581196581196584,2.0,6.0,1.6581196581196582,1.0,3.0,0.8290598290598291,0.0,2.0,0.7094017094017094,0.0,2.0
Fort Villas,19000000.0,19000000.0,19000000.0,952.875,952.875,952.875,3.0,3.0,3.0,3.0,3.0,3.0,2.0,2.0,2.0,1.0,1.0,1.0,1.0,1.0,1.0
GCP Housing,32666666.666666668,32500000.0,33000000.0,2178.0,2178.0,2178.0,3.3333333333333335,3.0,4.0,3.6666666666666665,3.0,5.0,1.0,1.0,1.0,0.0,0.0,0.0,0.0,0.0,0.0
"GOLF VIEW RESIDENCIA - PHASE 1, GOLF VIEW RESIDENCIA, BAHRIA TOWN",31485714.285714287,22000000.0,39500000.0,2139.1071428571427,1361.25,2722.5,4.142857142857143,3.0,5.0,5.0,3.0,6.0,1.7142857142857142,1.0,2.0,0.2857142857142857,0.0,1.0,0.2857142857142857,0.0,1.0
GT Road,12666666.666666666,5500000.0,25000000.0,1334.0249999999999,598.95,2722.5,3.3333333333333335,2.0,5.0,3.3333333333333335,1.0,5.0,1.3333333333333333,1.0,2.0,0.3333333333333333,0.0,1.0,0.3333333333333333,0.0,1.0
Gajju Matah,10175000.0,7000000.0,13500000.0,1123.03125,816.75,1361.25,3.0,2.0,4.0,3.75,3.0,5.0,1.75,1.0,3.0,0.25,0.0,1.0,0.5,0.0,2.0
Garden Town,121780000.0,30000000.0,550000000.0,8643.9375,1361.25,43560.0,5.233333333333333,3.0,10.0,5.266666666666667,3.0,7.0,1.4,1.0,3.0,0.6666666666666666,0.0,2.0,0.7333333333333333,0.0,2.0
Garhi Shahu,20833333.333333332,8500000.0,65000000.0,1229.6625000000001,490.05,4356.0,4.0,3.0,7.0,3.8333333333333335,3.0,6.0,1.6666666666666667,1.0,2.0,0.5,0.0,1.0,0.5,0.0,1.0
Garrison Homes,11450000.0,6500000.0,21000000.0,884.8125,544.5,1361.25,3.25,2.0,5.0,3.5,2.0,5.0,1.5,1.0,2.0,0.25,0.0,1.0,0.25,0.0,1.0
Garrison Unique Villas,12800000.0,12800000.0,12800000.0,816.75,816.75,816.75,5.0,5.0,5.0,5.0,5.0,5.0,2.0,2.0,2.0,1.0,1.0,1.0,1.0,1.0,1.0
Ghous Garden,11406250.0,5300000.0,22500000.0,1020.9375,544.5,1633.5,3.6875,2.0,6.0,4.0625,3.0,6.0,1.625,1.0,2.0,0.875,0.0,2.0,0.5625,0.0,2.0
Gold Land Garden,3700000.0,3700000.0,3700000.0,816.75,816.75,816.75,3.0,3.0,3.0,3.0,3.0,3.0,2.0,2.0,2.0,0.0,0.0,0.0,1.0,1.0,1.0
Gosha-e-Ahbab,12300000.0,10000000.0,16000000.0,914.76,762.3,1361.25,3.2,3.0,4.0,3.4,3.0,5.0,1.8,1.0,2.0,1.0,1.0,1.0,0.8,0.0,2.0
Government Employees Cooperative Housing Society,36250000.0,13000000.0,91000000.0,3369.09375,1361.25,5445.0,3.625,2.0,7.0,3.5,2.0,7.0,1.4375,1.0,2.0,0.75,0.0,2.0,0.5625,0.0,2.0
Grand Avenues Housing Scheme,10555555.555555556,6500000.0,15000000.0,1361.25,1361.25,1361.25,3.2222222222222223,3.0,5.0,3.7777777777777777,3.0,5.0,1.2222222222222223,1.0,2.0,0.2222222222222222,0.0,1.0,0.3333333333333333,0.0,1.0
Green Avenue,32000000.0,32000000.0,32000000.0,2722.5,2722.5,2722.5,4.0,4.0,4.0,5.0,5.0,5.0,2.0,2.0,2.0,1.0,1.0,1.0,1.0,1.0,1.0
Green Cap,9833333.333333334,5000000.0,23500000.0,998.25,544.5,1905.75,3.0,1.0,6.0,3.0,1.0,6.0,1.1666666666666667,1.0,2.0,0.6666666666666666,0.0,1.0,0.6666666666666666,0.0,1.0
Green City,30013157.89473684,21000000.0,78000000.0,1798.282894736842,1361.25,5445.0,3.3947368421052633,3.0,6.0,4.342105263157895,3.0,7.0,1.4210526315789473,1.0,3.0,0.5263157894736842,0.0,2.0,0.42105263157894735,0.0,2.0
Green Park,15066666.666666666,7700000.0,20000000.0,1179.75,544.5,1905.75,3.0,3.0,3.0,3.3333333333333335,3.0,4.0,1.6666666666666667,1.0,2.0,0.6666666666666666,0.0,1.0,0.3333333333333333,0.0,1.0
Green Town,11560000.0,4000000.0,19800000.0,871.2,408.375,1361.25,4.0,3.0,5.0,4.6,3.0,6.0,1.8,1.0,2.0,0.4,0.0,1.0,0.2,0.0,1.0
Greenland Housing Scheme,14500000.0,13500000.0,15500000.0,1089.0,816.75,1361.25,5.0,5.0,5.0,5.5,5.0,6.0,1.0,1.0,1.0,0.5,0.0,1.0,0.5,0.0,1.0
Gul-e-Damin,39000000.0,19000000.0,59000000.0,3403.125,1361.25,5445.0,4.0,3.0,5.0,5.0,4.0,6.0,2.0,2.0,2.0,0.5,0.0,1.0,0.5,0.0,1.0
Gulberg,184362068.96551725,10000000.0,600000000.0,9838.551724137931,544.5,32670.0,5.413793103448276,1.0,10.0,5.172413793103448,1.0,7.0,1.4137931034482758,1.0,2.0,0.5517241379310345,0.0,2.0,0.6896551724137931,0.0,2.0
Gulberg 2,110108333.33333333,19000000.0,175000000.0,5808.0,1361.25,13068.0,5.916666666666667,3.0,8.0,6.0,3.0,7.0,1.8333333333333333,1.0,3.0,1.3333333333333333,1.0,2.0,1.0,0.0,2.0
Gulberg 3,109733333.33333333,7000000.0,580000000.0,4623.7125,544.5,21780.0,4.933333333333334,2.0,10.0,4.733333333333333,2.0,7.0,1.2,1.0,2.0,0.5333333333333333,0.0,2.0,0.4,0.0,2.0
Gulgasht Colony Rustam,20000000.0,20000000.0,20000000.0,1633.5,1633.5,1633.5,4.0,4.0,4.0,2.0,2.0,2.0,1.0,1.0,1.0,1.0,1.0,1.0,0.0,0.0,0.0
Gulshan Ali Colony,17500000.0,17500000.0,17500000.0,1361.25,1361.25,1361.25,3.0,3.0,3.0,3.0,3.0,3.0,2.0,2.0,2.0,1.0,1.0,1.0,0.0,0.0,0.0
Gulshan-e-Habib,19600000.0,17500000.0,21800000.0,1361.25,1361.25,1361.25,3.3333333333333335,3.0,4.0,4.0,3.0,5.0,2.0,2.0,2.0,1.0,1.0,1.0,1.0,1.0,1.0
Gulshan-e-Lahore,31444444.444444444,15000000.0,60000000.0,1784.75,816.75,2722.5,4.555555555555555,3.0,6.0,5.222222222222222,4.0,7.0,1.8888888888888888,1.0,3.0,0.4444444444444444,0.0,1.0,0.3333333333333333,0.0,1.0
Gulshan-e-Mustafa Housing Society,19000000.0,19000000.0,19000000.0,1089.0,1089.0,1089.0,4.0,4.0,4.0,3.0,3.0,3.0,1.0,1.0,1.0,0.0,0.0,0.0,0.0,0.0,0.0
Gulshan-e-Ravi,33629032.258064516,11000000.0,70000000.0,2011.1370967741937,544.5,5445.0,4.225806451612903,2.0,9.0,4.193548387096774,2.0,7.0,1.935483870967742,1.0,3.0,0.3870967741935484,0.0,2.0,0.2903225806451613,0.0,2.0
HBFC Housing,64500000.0,55000000.0,70000000.0,5376.9375,5036.625,5445.0,5.0,5.0,5.0,5.833333333333333,5.0,6.0,2.5,2.0,3.0,0.8333333333333334,0.0,2.0,1.1666666666666667,0.0,2.0
Habib Homes,16000000.0,16000000.0,16000000.0,816.75,816.75,816.75,3.0,3.0,3.0,3.0,3.0,3.0,2.0,2.0,2.0,1.0,1.0,1.0,0.0,0.0,0.0
Hajvery Housing,19250000.0,9500000.0,29000000.0,1769.625,816.75,2722.5,5.0,5.0,5.0,5.0,5.0,5.0,2.0,1.0,3.0,0.0,0.0,0.0,0.0,0.0,0.0
Halloki Gardens,28000000.0,22500000.0,31000000.0,1973.8125,1361.25,2178.0,4.5,3.0,5.0,5.25,4.0,6.0,1.5,1.0,2.0,0.5,0.0,1.0,0.5,0.0,2.0
Hamza Town Phase 2,8438095.238095239,6000000.0,11500000.0,958.0607142857143,789.525,1361.25,2.857142857142857,2.0,4.0,3.5714285714285716,2.0,5.0,1.2857142857142858,1.0,2.0,0.3333333333333333,0.0,2.0,0.23809523809523808,0.0,2.0
Harbanspura,16483333.333333334,3800000.0,28500000.0,1299.2375000000002,408.375,2722.5,4.333333333333333,3.0,6.0,4.444444444444445,1.0,7.0,1.5,1.0,2.0,0.5555555555555556,0.0,2.0,0.5,0.0,2.0
Hassan Town,16000000.0,13000000.0,19000000.0,816.75,680.625,952.875,3.5,3.0,4.0,3.5,3.0,4.0,2.0,2.0,2.0,1.0,1.0,1.0,0.0,0.0,0.0
Heir,9000000.0,9000000.0,9000000.0,816.75,816.75,816.75,3.0,3.0,3.0,3.0,3.0,3.0,2.0,2.0,2.0,1.0,1.0,1.0,1.0,1.0,1.0
High Court Society,12992307.692307692,7500000.0,20000000.0,1109.9423076923076,544.5,1633.5,3.3846153846153846,3.0,5.0,3.769230769230769,3.0,5.0,1.4615384615384615,1.0,2.0,0.46153846153846156,0.0,1.0,0.23076923076923078,0.0,1.0
IBL Housing,10416666.666666666,6300000.0,14000000.0,1188.825,598.95,1905.75,3.8333333333333335,3.0,5.0,4.166666666666667,3.0,6.0,1.1666666666666667,1.0,2.0,0.3333333333333333,0.0,1.0,0.3333333333333333,0.0,1.0
IEP Engineers Town,41346938.77551021,7500000.0,89000000.0,4094.862244897959,544.5,10890.0,4.877551020408164,2.0,9.0,5.36734693877551,3.0,7.0,1.6326530612244898,1.0,3.0,0.5510204081632653,0.0,2.0,0.32653061224489793,0.0,2.0
IMAM TOWN,7350000.0,6700000.0,8000000.0,612.5625,544.5,680.625,5.0,5.0,5.0,5.0,5.0,5.0,2.0,2.0,2.0,0.5,0.0,1.0,1.0,1.0,1.0
"ISLAM NAGAR, LAHORE",23000000.0,21000000.0,25000000.0,1225.125,816.75,1633.5,3.0,3.0,3.0,4.0,4.0,4.0,1.5,1.0,2.0,0.5,0.0,1.0,0.0,0.0,0.0
Ichhra,12200000.0,5000000.0,21000000.0,694.2375000000001,272.25,1089.0,4.0,2.0,8.0,3.3333333333333335,2.0,5.0,2.0,1.0,3.0,0.8333333333333334,0.0,1.0,1.1666666666666667,0.0,2.0
Icon Valley,8000000.0,8000000.0,8000000.0,1225.125,1225.125,1225.125,2.0,2.0,2.0,2.0,2.0,2.0,1.0,1.0,1.0,0.0,0.0,0.0,0.0,0.0,0.0
Ilyas Colony,9000000.0,9000000.0,9000000.0,816.75,816.75,816.75,4.0,4.0,4.0,4.0,4.0,4.0,1.0,1.0,1.0,0.0,0.0,0.0,0.0,0.0,0.0
Indigo Canal Homes,21000000.0,21000000.0,21000000.0,816.75,816.75,816.75,3.0,3.0,3.0,4.0,4.0,4.0,2.0,2.0,2.0,0.0,0.0,0.0,0.0,0.0,0.0
Iqbal Avenue,67333333.33333333,26000000.0,142500000.0,5626.5,2722.5,10890.0,5.333333333333333,2.0,8.0,5.333333333333333,4.0,6.0,1.3333333333333333,1.0,2.0,0.5,0.0,1.0,0.6666666666666666,0.0,2.0
Iqbal Park,14325000.0,10800000.0,16500000.0,694.2375,544.5,816.75,3.0,3.0,3.0,3.0,3.0,3.0,1.25,1.0,2.0,0.75,0.0,1.0,0.75,0.0,1.0
Islamabad Colony,8000000.0,8000000.0,8000000.0,544.5,544.5,544.5,3.0,3.0,3.0,3.0,3.0,3.0,1.0,1.0,1.0,0.0,0.0,0.0,0.0,0.0,0.0
Islamapura,57375000.0,28500000.0,85000000.0,3301.03125,1497.375,5989.500000000001,4.25,3.0,5.0,4.75,2.0,7.0,1.5,1.0,2.0,1.25,1.0,2.0,1.0,1.0,1.0
Islamia Park,25500000.0,15000000.0,36000000.0,2586.375,1361.25,3811.5,5.5,4.0,7.0,4.5,4.0,5.0,2.0,2.0,2.0,0.0,0.0,0.0,0.0,0.0,0.0
Ismail Town,4000000.0,4000000.0,4000000.0,544.5,544.5,544.5,2.0,2.0,2.0,1.0,1.0,1.0,1.0,1.0,1.0,0.0,0.0,0.0,0.0,0.0,0.0
Ittifaq Town,17000000.0,17000000.0,17000000.0,1361.25,1361.25,1361.25,2.0,2.0,2.0,3.0,3.0,3.0,1.0,1.0,1.0,0.0,0.0,0.0,0.0,0.0,0.0
Izmir Town,66372222.222222224,20000000.0,230000000.0,4295.5,1361.25,10890.0,5.611111111111111,4.0,10.0,5.5,4.0,7.0,1.9444444444444444,1.0,3.0,0.8888888888888888,0.0,2.0,0.6111111111111112,0.0,1.0
Jail Road,31500000.0,31500000.0,31500000.0,1361.25,1361.25,1361.25,8.0,8.0,8.0,6.0,6.0,6.0,3.0,3.0,3.0,2.0,2.0,2.0,2.0,2.0,2.0
Jallo,13966666.666666666,4900000.0,22500000.0,6806.25,816.75,16335.0,2.6666666666666665,2.0,3.0,2.6666666666666665,2.0,3.0,1.0,1.0,1.0,0.6666666666666666,0.0,1.0,1.0,0.0,2.0
Jazac City,10000000.0,10000000.0,10000000.0,952.875,952.875,952.875,4.0,4.0,4.0,4.0,4.0,4.0,1.0,1.0,1.0,0.0,0.0,0.0,0.0,0.0,0.0
Johar Town Phase 1,46256153.84615385,14000000.0,160000000.0,2789.5153846153844,816.75,10890.0,4.892307692307693,1.0,8.0,5.338461538461538,2.0,7.0,1.853846153846154,1.0,3.0,0.9692307692307692,0.0,2.0,0.7461538461538462,0.0,2.0
Johar Town Phase 2,40200757.57575758,9900000.0,180000000.0,2115.50625,707.85,10890.0,4.863636363636363,3.0,10.0,5.212121212121212,3.0,7.0,2.015151515151515,1.0,3.0,0.8181818181818182,0.0,2.0,0.553030303030303,0.0,2.0
Jora Pull,17500000.0,17500000.0,17500000.0,1089.0,1089.0,1089.0,3.0,3.0,3.0,4.0,4.0,4.0,1.0,1.0,1.0,0.0,0.0,0.0,0.0,0.0,0.0
Jubilee Town,23191715.97633136,9500000.0,44000000.0,1630.2781065088757,816.75,2722.5,4.911242603550296,1.0,8.0,5.3076923076923075,1.0,7.0,1.816568047337278,1.0,3.0,0.7159763313609467,0.0,2.0,0.5680473372781065,0.0,2.0
Judicial Colony,58375000.0,45000000.0,66500000.0,5036.625,3811.5,5445.0,5.5,5.0,6.0,5.75,5.0,6.0,1.75,1.0,2.0,0.5,0.0,1.0,0.25,0.0,1.0
Kahna,4674285.714285715,1490000.0,11000000.0,962.5982142857143,544.5,1361.25,2.2142857142857144,1.0,4.0,2.2857142857142856,1.0,4.0,1.2857142857142858,1.0,2.0,0.2857142857142857,0.0,1.0,0.35714285714285715,0.0,1.0
Kahna Kacha,7500000.0,6500000.0,8000000.0,1179.75,816.75,1361.25,2.3333333333333335,2.0,3.0,3.0,3.0,3.0,1.0,1.0,1.0,0.3333333333333333,0.0,1.0,0.3333333333333333,0.0,1.0
Kamahan Road,6750000.0,5500000.0,8000000.0,1089.0,544.5,1633.5,3.0,3.0,3.0,2.0,1.0,3.0,1.5,1.0,2.0,0.5,0.0,1.0,0.0,0.0,0.0
Karbath,7250000.0,6500000.0,8000000.0,816.75,816.75,816.75,3.0,3.0,3.0,3.0,3.0,3.0,1.5,1.0,2.0,1.0,0.0,2.0,1.0,0.0,2.0
Khayaban-e-Amin,19515714.285714287,5100000.0,60000000.0,2011.5385714285717,816.75,5445.0,3.2285714285714286,2.0,6.0,3.3285714285714287,1.0,7.0,1.4714285714285715,1.0,3.0,0.5,0.0,2.0,0.5,0.0,2.0
Khayaban-e-Quaid,42000000.0,35500000.0,48500000.0,4083.75,2722.5,5445.0,9.0,9.0,9.0,6.0,6.0,6.0,2.0,1.0,3.0,1.0,0.0,2.0,0.0,0.0,0.0
Khuda Buksh Colony,19490000.0,10000000.0,47500000.0,1361.25,680.625,5445.0,3.425,2.0,8.0,4.15,3.0,7.0,1.65,1.0,3.0,0.725,0.0,2.0,0.35,0.0,2.0
Kot Khawaja Saeed,8500000.0,8500000.0,8500000.0,952.875,952.875,952.875,4.0,4.0,4.0,2.0,2.0,2.0,2.0,2.0,2.0,1.0,1.0,1.0,1.0,1.0,1.0
Kotli Abdur Rahman,9500000.0,9500000.0,9500000.0,1089.0,1089.0,1089.0,4.0,4.0,4.0,2.0,2.0,2.0,1.0,1.0,1.0,1.0,1.0,1.0,0.0,0.0,0.0
"LAHORE MEDICAL HOUSING SCHEME PHASE 1, LAHORE MEDICAL HOUSING SOCIETY",17833333.333333332,11500000.0,28500000.0,1315.875,816.75,2178.0,3.8333333333333335,3.0,5.0,4.166666666666667,3.0,5.0,1.0,1.0,1.0,0.16666666666666666,0.0,1.0,0.3333333333333333,0.0,2.0
"LAHORE MEDICAL HOUSING SCHEME PHASE 2, LAHORE MEDICAL HOUSING SOCIETY",11700000.0,11700000.0,11700000.0,816.75,816.75,816.75,3.0,3.0,3.0,3.0,3.0,3.0,2.0,2.0,2.0,1.0,1.0,1.0,0.0,0.0,0.0
"LAHORE MEDICAL HOUSING SCHEME PHASE 3, LAHORE MEDICAL HOUSING SOCIETY",26000000.0,17000000.0,35000000.0,2041.875,1361.25,2722.5,4.0,3.0,5.0,4.5,4.0,5.0,1.5,1.0,2.0,0.5,0.0,1.0,0.5,0.0,1.0
LDA Avenue,34555000.0,12900000.0,59000000.0,3026.05875,816.75,5445.0,5.36875,2.0,9.0,5.5375,2.0,7.0,1.8375,1.0,3.0,0.6625,0.0,2.0,0.59375,0.0,2.0
LDA City Phase 1,4500000.0,3200000.0,5800000.0,1633.5,544.5,2722.5,4.0,3.0,5.0,3.0,1.0,5.0,1.0,1.0,1.0,0.0,0.0,0.0,0.0,0.0,0.0
Lahore Garden,11950000.0,9800000.0,13500000.0,1293.1875,1089.0,1361.25,4.25,3.0,5.0,4.5,4.0,5.0,1.5,1.0,2.0,0.5,0.0,1.0,0.0,0.0,0.0
Lahore Meadows City,12297500.0,9595000.0,15000000.0,1089.0,816.75,1361.25,3.0,3.0,3.0,3.5,3.0,4.0,2.0,2.0,2.0,1.0,1.0,1.0,0.0,0.0,0.0
Lahore Medical Phase 1,18365517.24137931,9100000.0,35000000.0,1323.698275862069,598.95,2722.5,4.068965517241379,3.0,8.0,4.517241379310345,3.0,7.0,1.8275862068965518,1.0,3.0,0.8620689655172413,0.0,2.0,0.6896551724137931,0.0,2.0
Lahore Motorway City,13282407.407407407,4250000.0,45000000.0,1895.6666666666667,816.75,5445.0,3.740740740740741,1.0,7.0,3.814814814814815,1.0,7.0,1.4444444444444444,1.0,2.0,0.5925925925925926,0.0,2.0,0.8148148148148148,0.0,2.0
Lahore Press Club Housing Scheme,41375000.0,35000000.0,52000000.0,2790.5625,2722.5,2994.75,5.5,5.0,7.0,6.0,5.0,7.0,1.75,1.0,2.0,0.75,0.0,1.0,0.75,0.0,1.0
Lahore Smart City,30350000.0,26500000.0,34200000.0,1633.5,1361.25,1905.75,3.5,3.0,4.0,4.5,4.0,5.0,2.0,2.0,2.0,1.0,1.0,1.0,1.0,1.0,1.0
Lahore Villas,11000000.0,11000000.0,11000000.0,816.75,816.75,816.75,3.0,3.0,3.0,3.0,3.0,3.0,2.0,2.0,2.0,1.0,1.0,1.0,1.0,1.0,1.0
Lake City,45858454.54545455,8250000.0,220000000.0,2909.4615,1089.0,10890.0,4.638181818181818,2.0,8.0,5.327272727272727,2.0,7.0,1.8054545454545454,1.0,3.0,0.8418181818181818,0.0,2.0,0.8345454545454546,0.0,2.0
Lalazaar Garden Phase 1,10977777.777777778,3800000.0,15000000.0,753.2249999999999,435.6,952.875,2.888888888888889,2.0,4.0,3.2222222222222223,2.0,4.0,1.7777777777777777,1.0,2.0,0.7777777777777778,0.0,1.0,0.4444444444444444,0.0,2.0
Lalazaar Garden Phase 2,12740000.0,12000000.0,13000000.0,909.3149999999999,816.75,952.875,3.0,3.0,3.0,3.6,3.0,4.0,1.6,1.0,2.0,0.8,0.0,1.0,0.2,0.0,1.0
Larechs Avenue,53750000.0,52500000.0,55000000.0,6534.0,6534.0,6534.0,5.0,5.0,5.0,6.0,6.0,6.0,2.0,2.0,2.0,1.0,1.0,1.0,2.0,2.0,2.0
Lawrence Road,150000000.0,150000000.0,150000000.0,5989.500000000001,5989.500000000001,5989.500000000001,5.0,5.0,5.0,5.0,5.0,5.0,3.0,3.0,3.0,2.0,2.0,2.0,0.0,0.0,0.0
MM Alam Road,345833333.3333333,27500000.0,850000000.0,9537.824999999999,1388.475,21780.0,4.0,2.0,5.0,4.0,2.0,5.0,1.0,1.0,1.0,0.0,0.0,0.0,0.0,0.0,0.0
Madar-e-Millat Road,62500000.0,62500000.0,62500000.0,2722.5,2722.5,2722.5,2.0,2.0,2.0,2.0,2.0,2.0,1.0,1.0,1.0,1.0,1.0,1.0,0.0,0.0,0.0
Madina Garden,7800000.0,7800000.0,7800000.0,816.75,816.75,816.75,4.0,4.0,4.0,3.0,3.0,3.0,2.0,2.0,2.0,1.0,1.0,1.0,0.0,0.0,0.0
Madni Park,11800000.0,11800000.0,11800000.0,816.75,816.75,816.75,3.0,3.0,3.0,3.0,3.0,3.0,2.0,2.0,2.0,0.0,0.0,0.0,0.0,0.0,0.0
Makkah Colony,8500000.0,8500000.0,8500000.0,544.5,544.5,544.5,5.0,5.0,5.0,5.0,5.0,5.0,1.0,1.0,1.0,0.0,0.0,0.0,0.0,0.0,0.0
Manawan,6600000.0,3800000.0,11500000.0,816.75,816.75,816.75,4.0,2.0,5.0,4.0,2.0,5.0,1.3333333333333333,1.0,2.0,0.3333333333333333,0.0,1.0,0.3333333333333333,0.0,1.0
Manhala Road,3500000.0,3500000.0,3500000.0,816.75,816.75,816.75,2.0,2.0,2.0,2.0,2.0,2.0,1.0,1.0,1.0,0.0,0.0,0.0,0.0,0.0,0.0
Marghzar Officers Colony,28283510.63829787,5200000.0,79500000.0,2202.3287234042555,381.15,5445.0,4.595744680851064,2.0,10.0,4.638297872340425,2.0,7.0,1.6808510638297873,1.0,3.0,0.7659574468085106,0.0,2.0,0.4574468085106383,0.0,2.0
Maryam Town,8750000.0,5500000.0,12000000.0,1089.0,816.75,1361.25,4.5,3.0,6.0,3.0,3.0,3.0,1.5,1.0,2.0,0.5,0.0,1.0,0.5,0.0,1.0
Mateen Avenue,15000000.0,15000000.0,15000000.0,462.825,462.825,462.825,3.0,3.0,3.0,3.0,3.0,3.0,1.0,1.0,1.0,0.0,0.0,0.0,0.0,0.0,0.0
Medina Town,10000000.0,9000000.0,11000000.0,952.875,816.75,1089.0,2.0,1.0,3.0,2.0,1.0,3.0,1.5,1.0,2.0,0.5,0.0,1.0,0.5,0.0,1.0
Mehar Fayaz Colony,12116666.666666666,8500000.0,21000000.0,975.5625,544.5,2178.0,3.6666666666666665,3.0,5.0,3.8333333333333335,3.0,5.0,1.3333333333333333,1.0,2.0,0.16666666666666666,0.0,1.0,0.16666666666666666,0.0,1.0
Mehboob Garden,7500000.0,7500000.0,7500000.0,816.75,816.75,816.75,4.0,4.0,4.0,4.0,4.0,4.0,1.0,1.0,1.0,1.0,1.0,1.0,0.0,0.0,0.0
Mehmood Booti,17000000.0,17000000.0,17000000.0,2178.0,2178.0,2178.0,5.0,5.0,5.0,5.0,5.0,5.0,1.0,1.0,1.0,1.0,1.0,1.0,1.0,1.0,1.0
Metro City,10833333.333333334,8000000.0,14500000.0,1361.25,816.75,1905.75,4.0,3.0,5.0,4.333333333333333,4.0,5.0,2.3333333333333335,2.0,3.0,0.6666666666666666,0.0,1.0,0.3333333333333333,0.0,1.0
Mia Fazal Deen,24500000.0,24500000.0,24500000.0,1361.25,1361.25,1361.25,8.0,8.0,8.0,5.0,5.0,5.0,2.0,2.0,2.0,1.0,1.0,1.0,0.0,0.0,0.0
Mian Amiruddin Park,13000000.0,9000000.0,17000000.0,803.1375,517.275,1089.0,3.0,3.0,3.0,3.5,3.0,4.0,1.5,1.0,2.0,1.0,1.0,1.0,0.0,0.0,0.0
Military Accounts Housing Society,20543478.260869566,11500000.0,39500000.0,1599.5673913043477,816.75,3267.0,4.3768115942028984,3.0,9.0,4.913043478260869,3.0,7.0,1.6231884057971016,1.0,3.0,0.5797101449275363,0.0,2.0,0.4782608695652174,0.0,2.0
Millat Tractors Employees,22500000.0,22500000.0,22500000.0,2722.5,2722.5,2722.5,5.0,5.0,5.0,6.0,6.0,6.0,2.0,2.0,2.0,2.0,2.0,2.0,2.0,2.0,2.0
Model Town,176442477.8761062,15000000.0,900000000.0,7949.45907079646,816.75,32670.0,5.415929203539823,3.0,10.0,5.513274336283186,3.0,7.0,1.8053097345132743,1.0,3.0,0.6548672566371682,0.0,2.0,0.8495575221238938,0.0,2.0
Moeez Town,10450000.0,7000000.0,15000000.0,986.90625,680.625,1633.5,4.5,3.0,6.0,4.5,3.0,6.0,1.5,1.0,2.0,0.25,0.0,1.0,0.0,0.0,0.0
Mohafiz Town Phase 1,35500000.0,35500000.0,35500000.0,4900.5,4900.5,4900.5,5.0,5.0,5.0,6.0,6.0,6.0,2.0,2.0,2.0,2.0,2.0,2.0,1.0,1.0,1.0
Mohafiz Town Phase 2,14000000.0,12500000.0,15500000.0,1361.25,1361.25,1361.25,4.5,4.0,5.0,5.0,4.0,6.0,1.5,1.0,2.0,0.0,0.0,0.0,0.0,0.0,0.0
Mohlanwal,21250000.0,19500000.0,23000000.0,1905.75,1905.75,1905.75,5.0,5.0,5.0,6.0,6.0,6.0,1.5,1.0,2.0,0.5,0.0,1.0,0.5,0.0,1.0
Mozang,14000000.0,14000000.0,14000000.0,1089.0,1089.0,1089.0,7.0,7.0,7.0,4.0,4.0,4.0,3.0,3.0,3.0,1.0,1.0,1.0,0.0,0.0,0.0
Mughalpura,12164705.88235294,6000000.0,32500000.0,959.2808823529411,408.375,2722.5,3.0,2.0,5.0,3.0,1.0,6.0,1.411764705882353,1.0,3.0,0.35294117647058826,0.0,1.0,0.35294117647058826,0.0,2.0
Multan Road,18100000.0,9000000.0,35500000.0,1470.15,544.5,2994.75,4.0,2.0,6.0,3.6,1.0,6.0,1.6,1.0,2.0,0.6,0.0,1.0,0.4,0.0,1.0
Muslim Nagar,28000000.0,28000000.0,28000000.0,2722.5,2722.5,2722.5,5.0,5.0,5.0,6.0,6.0,6.0,2.0,2.0,2.0,1.0,1.0,1.0,1.0,1.0,1.0
Muslim Town,145444444.44444445,39000000.0,200000000.0,9044.75,2994.75,11434.5,5.555555555555555,4.0,9.0,5.333333333333333,4.0,7.0,1.5555555555555556,1.0,2.0,0.6666666666666666,0.0,2.0,0.6666666666666666,0.0,2.0
Mustafa Town,41175000.0,9900000.0,80000000.0,2739.515625,680.625,5445.0,4.75,3.0,6.0,5.25,4.0,7.0,2.0,1.0,3.0,0.875,0.0,2.0,0.875,0.0,1.0
NESPAK Phase 2,69500000.0,64000000.0,75000000.0,8167.5,5445.0,10890.0,8.5,7.0,10.0,6.5,6.0,7.0,1.5,1.0,2.0,0.0,0.0,0.0,0.0,0.0,0.0
NESPAK Phase 3,42246666.666666664,14500000.0,62000000.0,3884.1,1361.25,5445.0,5.4,3.0,8.0,5.933333333333334,3.0,7.0,1.8,1.0,2.0,0.6,0.0,2.0,0.6666666666666666,0.0,1.0
"NESPAK SCHEME PHASE 2, NESPAK HOUSING SCHEME",27500000.0,27500000.0,27500000.0,2722.5,2722.5,2722.5,6.0,6.0,6.0,7.0,7.0,7.0,1.0,1.0,1.0,0.0,0.0,0.0,0.0,0.0,0.0
NFC Phase 1,74125000.0,21000000.0,150000000.0,5955.46875,1361.25,11434.5,5.775,4.0,8.0,5.925,5.0,7.0,1.925,1.0,3.0,1.025,0.0,2.0,1.0,0.0,2.0
NFC Phase 2,42000000.0,31500000.0,52500000.0,4083.75,2722.5,5445.0,4.5,4.0,5.0,5.5,5.0,6.0,1.5,1.0,2.0,0.5,0.0,1.0,0.5,0.0,1.0
Nadeem Shaheed Road,14000000.0,14000000.0,14000000.0,816.75,816.75,816.75,3.0,3.0,3.0,3.0,3.0,3.0,2.0,2.0,2.0,0.0,0.0,0.0,0.0,0.0,0.0
Nasheman-e-Iqbal Phase 1,33286206.896551725,12000000.0,62500000.0,2703.7241379310344,816.75,5445.0,5.517241379310345,3.0,8.0,5.793103448275862,3.0,7.0,1.896551724137931,1.0,3.0,0.7586206896551724,0.0,2.0,0.6206896551724138,0.0,2.0
Nasheman-e-Iqbal Phase 2,23456578.94736842,13500000.0,60000000.0,1877.092105263158,816.75,5445.0,5.052631578947368,3.0,8.0,5.5394736842105265,3.0,7.0,1.8289473684210527,1.0,3.0,0.6052631578947368,0.0,2.0,0.5131578947368421,0.0,2.0
National Town,15000000.0,15000000.0,15000000.0,816.75,816.75,816.75,3.0,3.0,3.0,3.0,3.0,3.0,2.0,2.0,2.0,1.0,1.0,1.0,0.0,0.0,0.0
Nawab Town,22218181.818181816,6500000.0,35000000.0,1683.0,816.75,2722.5,5.090909090909091,2.0,8.0,5.545454545454546,2.0,7.0,1.6363636363636365,1.0,3.0,0.5454545454545454,0.0,2.0,0.36363636363636365,0.0,1.0
Naz Town,9166666.666666666,7000000.0,12000000.0,1225.125,952.875,1361.25,3.3333333333333335,3.0,4.0,3.6666666666666665,3.0,5.0,1.6666666666666667,1.0,2.0,1.0,1.0,1.0,0.3333333333333333,0.0,1.0
Nazir Garden,11850000.0,4200000.0,19500000.0,1225.125,544.5,1905.75,3.0,2.0,4.0,2.5,1.0,4.0,1.5,1.0,2.0,0.0,0.0,0.0,0.0,0.0,0.0
New Canal Park,22500000.0,22500000.0,22500000.0,1361.25,1361.25,1361.25,3.0,3.0,3.0,4.0,4.0,4.0,1.0,1.0,1.0,0.0,0.0,0.0,0.0,0.0,0.0
New Chauburji Park,16000000.0,16000000.0,16000000.0,1089.0,1089.0,1089.0,5.0,5.0,5.0,5.0,5.0,5.0,3.0,3.0,3.0,1.0,1.0,1.0,0.0,0.0,0.0
New Garden Town,140000000.0,100000000.0,170000000.0,9256.5,5989.500000000001,10890.0,6.666666666666667,6.0,7.0,6.0,6.0,6.0,1.6666666666666667,1.0,2.0,0.6666666666666666,0.0,2.0,0.6666666666666666,0.0,1.0
New Iqbal Park,23944444.444444444,10500000.0,42500000.0,1799.875,544.5,5445.0,3.6666666666666665,3.0,5.0,3.888888888888889,3.0,6.0,1.3333333333333333,1.0,2.0,0.4444444444444444,0.0,1.0,0.5555555555555556,0.0,1.0
New Kashmir Park,4900000.0,4900000.0,4900000.0,816.75,816.75,816.75,5.0,5.0,5.0,5.0,5.0,5.0,2.0,2.0,2.0,1.0,1.0,1.0,1.0,1.0,1.0
New Lahore City,13845876.288659794,5500000.0,58000000.0,1247.29793814433,816.75,5445.0,3.154639175257732,3.0,6.0,3.7938144329896906,2.0,6.0,1.7938144329896908,1.0,2.0,0.6082474226804123,0.0,2.0,0.5773195876288659,0.0,2.0
New Samanabad,32900000.0,32900000.0,32900000.0,2178.0,2178.0,2178.0,5.0,5.0,5.0,5.0,5.0,5.0,1.0,1.0,1.0,0.0,0.0,0.0,0.0,0.0,0.0
New Super Town,25200000.0,21000000.0,27000000.0,1334.025,1089.0,1905.75,3.2,3.0,4.0,4.0,3.0,5.0,1.4,1.0,2.0,1.0,0.0,2.0,0.4,0.0,1.0
Nishat Colony,12500000.0,7500000.0,17500000.0,1497.375,544.5,2450.25,2.5,2.0,3.0,2.5,2.0,3.0,1.5,1.0,2.0,0.5,0.0,1.0,0.5,0.0,1.0
Nishtar Colony,8081000.0,3950000.0,17500000.0,728.4200000000001,272.25,1633.5,3.2888888888888888,2.0,7.0,3.1555555555555554,2.0,5.0,1.4666666666666666,1.0,3.0,0.6222222222222222,0.0,2.0,0.6,0.0,2.0
OLC,17160869.56521739,11500000.0,22500000.0,1444.108695652174,1361.25,2178.0,3.391304347826087,3.0,5.0,4.3478260869565215,3.0,6.0,1.6956521739130435,1.0,2.0,0.6086956521739131,0.0,2.0,0.782608695652174,0.0,2.0
OLC 2,23750000.0,23000000.0,24500000.0,1361.25,1361.25,1361.25,3.0,3.0,3.0,4.0,4.0,4.0,2.0,2.0,2.0,0.5,0.0,1.0,1.0,1.0,1.0
OPF Housing Scheme,52491304.347826086,20800000.0,100000000.0,3361.695652173913,1361.25,5445.0,5.391304347826087,4.0,7.0,5.739130434782608,5.0,7.0,1.7391304347826086,1.0,2.0,0.9565217391304348,0.0,2.0,0.6521739130434783,0.0,2.0
"OVERSEAS LOW COST, BAHRIA ORCHARD PHASE 2",22000000.0,22000000.0,22000000.0,2178.0,2178.0,2178.0,6.0,6.0,6.0,6.0,6.0,6.0,2.0,2.0,2.0,0.0,0.0,0.0,1.0,1.0,1.0
Old Officers Colony,107500000.0,65000000.0,150000000.0,8167.5,5445.0,10890.0,4.0,3.0,5.0,4.5,3.0,6.0,2.0,2.0,2.0,0.0,0.0,0.0,0.5,0.0,1.0
Omega Residencia,15000000.0,15000000.0,15000000.0,1361.25,1361.25,1361.25,4.0,4.0,4.0,4.0,4.0,4.0,3.0,3.0,3.0,1.0,1.0,1.0,1.0,1.0,1.0
P&D Housing,31333333.333333332,28000000.0,38000000.0,2813.25,2178.0,4083.75,5.0,5.0,5.0,5.333333333333333,5.0,6.0,2.0,2.0,2.0,1.0,1.0,1.0,0.3333333333333333,0.0,1.0
PAF Colony,38500000.0,28000000.0,49000000.0,2813.25,1633.5,3267.0,5.666666666666667,4.0,7.0,5.833333333333333,4.0,7.0,1.3333333333333333,1.0,2.0,0.3333333333333333,0.0,2.0,0.0,0.0,0.0
PAF Falcon Complex,146483333.33333334,80000000.0,190000000.0,5000.325,3811.5,5445.0,4.8,4.0,6.0,5.566666666666666,4.0,7.0,1.6,1.0,3.0,0.9,0.0,2.0,1.1666666666666667,0.0,2.0
PCSIR Phase 1,30616666.666666668,9000000.0,73000000.0,2695.275,816.75,5445.0,4.266666666666667,2.0,7.0,4.566666666666666,2.0,6.0,1.6,1.0,3.0,0.6666666666666666,0.0,2.0,0.7333333333333333,0.0,2.0
PCSIR Phase 2,67333333.33333333,26500000.0,170000000.0,4560.1875,1633.5,10890.0,5.458333333333333,4.0,8.0,5.875,4.0,7.0,1.75,1.0,3.0,0.8333333333333334,0.0,2.0,0.75,0.0,2.0
PGECHS Phase 1,75000000.0,40000000.0,110000000.0,6806.25,2722.5,10890.0,5.0,4.0,6.0,5.5,5.0,6.0,2.0,2.0,2.0,0.5,0.0,1.0,1.0,1.0,1.0
PGECHS Phase 2,44908823.52941176,7500000.0,97500000.0,3907.5882352941176,544.5,10890.0,5.235294117647059,3.0,8.0,5.176470588235294,3.0,7.0,1.7941176470588236,1.0,3.0,0.6764705882352942,0.0,2.0,0.6176470588235294,0.0,2.0
PIA Housing Scheme,46840909.09090909,23000000.0,90000000.0,3341.25,544.5,6534.0,4.863636363636363,2.0,7.0,5.454545454545454,2.0,7.0,1.7272727272727273,1.0,3.0,0.9545454545454546,0.0,2.0,0.5909090909090909,0.0,2.0
Pak Arab Phase 1,18852380.95238095,4800000.0,53000000.0,1305.9357142857143,680.625,2722.5,3.7777777777777777,1.0,6.0,4.349206349206349,1.0,7.0,1.5873015873015872,1.0,3.0,0.5238095238095238,0.0,2.0,0.47619047619047616,0.0,2.0
Pak Arab Phase 2,15466666.666666666,9900000.0,24500000.0,1179.75,816.75,1361.25,3.6666666666666665,3.0,4.0,4.666666666666667,4.0,5.0,1.6666666666666667,1.0,2.0,0.0,0.0,0.0,0.0,0.0,0.0
Palm City,19893333.333333332,12800000.0,32200000.000000004,1461.075,816.75,2994.75,3.6,3.0,6.0,4.266666666666667,3.0,6.0,1.8,1.0,2.0,0.5333333333333333,0.0,1.0,0.5333333333333333,0.0,2.0
Palm Villas,12928571.42857143,12000000.0,15000000.0,878.9785714285715,816.75,1089.0,3.4285714285714284,3.0,5.0,3.857142857142857,3.0,5.0,1.8571428571428572,1.0,2.0,0.5714285714285714,0.0,1.0,0.42857142857142855,0.0,1.0
Paragon City,34253418.8034188,15700000.0,170000000.0,2088.646153846154,1089.0,10890.0,3.786324786324786,3.0,7.0,4.572649572649572,2.0,7.0,1.5811965811965811,1.0,3.0,0.7136752136752137,0.0,2.0,0.4700854700854701,0.0,2.0
Park Avenue,11093333.333333334,7640000.000000001,18000000.0,1315.875,1225.125,1361.25,3.0,2.0,5.0,3.0,2.0,5.0,1.0,1.0,1.0,0.6666666666666666,0.0,1.0,0.6666666666666666,0.0,1.0
Park View City,21533259.259259257,9250000.0,180000000.0,1523.5513333333333,816.75,10890.0,4.114074074074074,1.0,7.0,4.463703703703704,1.0,7.0,1.842962962962963,1.0,3.0,0.5940740740740741,0.0,2.0,0.5274074074074074,0.0,2.0
Passco Housing,26500000.0,26500000.0,26500000.0,1361.25,1361.25,1361.25,4.0,4.0,4.0,5.0,5.0,5.0,2.0,2.0,2.0,1.0,1.0,1.0,1.0,1.0,1.0
Peco Road,19166666.666666668,10500000.0,28000000.0,1542.75,544.5,2178.0,5.666666666666667,3.0,8.0,4.666666666666667,3.0,6.0,2.0,2.0,2.0,0.6666666666666666,0.0,1.0,0.3333333333333333,0.0,1.0
Peer Colony,7400000.0,4000000.0,13000000.0,680.625,544.5,816.75,2.0,1.0,3.0,2.25,1.0,4.0,1.75,1.0,2.0,1.0,0.0,2.0,1.25,1.0,2.0
Penta Square,41500000.0,38000000.0,45000000.0,1701.5625,1415.7,1987.425,2.5,2.0,3.0,3.0,3.0,3.0,1.0,1.0,1.0,1.0,0.0,2.0,1.0,0.0,2.0
Pico Road,11721250.0,6470000.0,14800000.0,843.975,544.5,1361.25,3.125,2.0,6.0,3.125,1.0,6.0,1.75,1.0,2.0,1.0,1.0,1.0,0.0,0.0,0.0
Pine Avenue,8114285.714285715,7900000.0,9900000.0,1217.3464285714285,980.1,1361.25,2.2142857142857144,2.0,5.0,2.2142857142857144,2.0,5.0,1.0714285714285714,1.0,2.0,0.21428571428571427,0.0,1.0,0.0,0.0,0.0
Public Health,28000000.0,25000000.0,31000000.0,3811.5,2722.5,4900.5,4.0,3.0,5.0,5.0,4.0,6.0,1.0,1.0,1.0,0.5,0.0,1.0,0.5,0.0,1.0
Punjab Coop,39766250.0,17500000.0,75000000.0,2739.515625,1361.25,5445.0,4.1125,2.0,6.0,5.0375,2.0,7.0,1.6125,1.0,3.0,0.8,0.0,2.0,0.7625,0.0,2.0
Punjab Small Industries,27583333.333333332,14000000.0,52500000.0,1996.5,1089.0,3811.5,4.0,2.0,5.0,4.5,3.0,6.0,1.8333333333333333,1.0,2.0,0.6666666666666666,0.0,1.0,0.5,0.0,1.0
Punjab University Employees Society,24769230.769230768,13000000.0,48000000.0,1675.3846153846155,816.75,2722.5,4.153846153846154,2.0,6.0,4.615384615384615,2.0,7.0,1.4230769230769231,1.0,2.0,0.34615384615384615,0.0,2.0,0.19230769230769232,0.0,1.0
Qadri Colony,15500000.0,15500000.0,15500000.0,1361.25,1361.25,1361.25,4.0,4.0,4.0,4.0,4.0,4.0,2.0,2.0,2.0,1.0,1.0,1.0,0.0,0.0,0.0
"ROYAL ENCLAVE, AL RAHEEM GARDENS PHASE 5",10400000.0,10000000.0,10800000.0,816.75,816.75,816.75,5.0,5.0,5.0,5.0,5.0,5.0,2.0,2.0,2.0,1.0,1.0,1.0,1.0,1.0,1.0
Race Course Road,350000000.0,350000000.0,350000000.0,13612.5,13612.5,13612.5,5.0,5.0,5.0,5.0,5.0,5.0,1.0,1.0,1.0,0.0,0.0,0.0,0.0,0.0,0.0
Rail Town,41250000.0,22500000.0,59000000.0,2926.6875,2178.0,4083.75,5.25,5.0,6.0,5.75,5.0,6.0,1.75,1.0,2.0,0.75,0.0,2.0,1.0,0.0,2.0
Raiwind Road,14900000.0,8200000.0,24500000.0,1098.075,816.75,1361.25,3.0,2.0,4.0,3.3333333333333335,2.0,4.0,1.3333333333333333,1.0,2.0,0.3333333333333333,0.0,1.0,0.3333333333333333,0.0,1.0
Raj Garh,17000000.0,17000000.0,17000000.0,1633.5,1633.5,1633.5,3.0,3.0,3.0,3.0,3.0,3.0,2.0,2.0,2.0,0.0,0.0,0.0,0.0,0.0,0.0
Ravi Gardens,17000000.0,16500000.0,17500000.0,1089.0,1089.0,1089.0,3.0,3.0,3.0,3.5,3.0,4.0,2.0,2.0,2.0,0.5,0.0,1.0,0.5,0.0,1.0
Rehan Garden Phase 1,10250000.0,9000000.0,11500000.0,1089.0,816.75,1361.25,4.0,3.0,5.0,4.0,3.0,5.0,1.0,1.0,1.0,0.0,0.0,0.0,0.0,0.0,0.0
Rehan Garden Phase 2,9509090.909090908,6500000.0,12500000.0,990.0,816.75,1361.25,2.909090909090909,1.0,5.0,3.5454545454545454,2.0,5.0,1.6363636363636365,1.0,2.0,0.45454545454545453,0.0,1.0,0.7272727272727273,0.0,1.0
Rehman Gardens,20500000.0,17000000.0,24000000.0,1429.3125,1361.25,1497.375,3.0,3.0,3.0,3.5,3.0,4.0,1.5,1.0,2.0,1.0,1.0,1.0,1.0,1.0,1.0
Rehmanpura,37600000.0,20200000.0,55000000.0,3130.875,1633.5,4628.25,4.5,4.0,5.0,4.0,3.0,5.0,1.0,1.0,1.0,1.0,1.0,1.0,1.0,1.0,1.0
Rehmat Colony,10500000.0,10500000.0,10500000.0,816.75,816.75,816.75,4.0,4.0,4.0,4.0,4.0,4.0,1.0,1.0,1.0,1.0,1.0,1.0,0.0,0.0,0.0
Revenue Society,29227272.727272727,17000000.0,57500000.0,2182.9500000000003,1089.0,5445.0,4.909090909090909,3.0,7.0,5.363636363636363,3.0,7.0,1.9090909090909092,1.0,3.0,0.7272727272727273,0.0,2.0,0.7272727272727273,0.0,2.0
Rewaz Garden,85000000.0,85000000.0,85000000.0,5989.500000000001,5989.500000000001,5989.500000000001,5.0,5.0,5.0,6.0,6.0,6.0,2.0,2.0,2.0,2.0,2.0,2.0,1.0,1.0,1.0
Rizwan Garden,12957142.857142856,7200000.0,19500000.0,1205.6785714285713,816.75,1905.75,4.285714285714286,2.0,8.0,4.428571428571429,3.0,6.0,1.4285714285714286,1.0,2.0,0.7142857142857143,0.0,1.0,0.42857142857142855,0.0,1.0
Royal Garden,12333333.333333334,10000000.0,16000000.0,871.1999999999999,680.625,1116.225,4.666666666666667,4.0,5.0,4.666666666666667,4.0,5.0,1.6666666666666667,1.0,2.0,0.3333333333333333,0.0,1.0,0.3333333333333333,0.0,1.0
Royal Residencia,17841666.666666668,12500000.0,29000000.0,1588.125,1089.0,3267.0,3.75,3.0,5.0,4.083333333333333,3.0,6.0,1.25,1.0,2.0,0.5833333333333334,0.0,2.0,0.3333333333333333,0.0,1.0
Rustam Park,19200000.0,13899999.999999998,24500000.0,1048.1625,735.075,1361.25,3.0,3.0,3.0,3.5,3.0,4.0,1.5,1.0,2.0,0.5,0.0,1.0,0.0,0.0,0.0
SA Gardens Phase 1,16000000.0,16000000.0,16000000.0,1361.25,1361.25,1361.25,3.0,3.0,3.0,4.0,4.0,4.0,2.0,2.0,2.0,2.0,2.0,2.0,2.0,2.0,2.0
SA Gardens Phase 2,16850000.0,10500000.0,28500000.0,1361.25,816.75,2178.0,4.3,3.0,8.0,4.2,3.0,6.0,1.6,1.0,2.0,0.5,0.0,2.0,0.4,0.0,1.0
SJ Garden,11937500.0,5500000.0,16500000.0,1242.140625,816.75,1361.25,3.0,2.0,4.0,3.625,2.0,4.0,1.75,1.0,2.0,0.375,0.0,1.0,0.625,0.0,1.0
"SUI GAS SOCIETY PHASE 1, SUI GAS HOUSING SOCIETY",61250000.0,55000000.0,67500000.0,5445.0,5445.0,5445.0,4.0,3.0,5.0,5.0,4.0,6.0,1.0,1.0,1.0,0.5,0.0,1.0,0.0,0.0,0.0
"SUI GAS SOCIETY PHASE 2, SUI GAS HOUSING SOCIETY",39500000.0,39500000.0,39500000.0,5445.0,5445.0,5445.0,6.0,6.0,6.0,6.0,6.0,6.0,1.0,1.0,1.0,0.0,0.0,0.0,0.0,0.0,0.0
Sabzazar,26860000.0,6500000.0,120000000.0,1699.0416666666667,462.825,5445.0,4.481481481481482,1.0,8.0,4.651851851851852,2.0,7.0,1.6074074074074074,1.0,3.0,0.7111111111111111,0.0,2.0,0.4962962962962963,0.0,2.0
Sadaat Town,16625000.0,15000000.0,17500000.0,1089.0,816.75,1225.125,3.0,3.0,3.0,3.5,3.0,4.0,1.5,1.0,2.0,1.0,0.0,2.0,0.75,0.0,1.0
Sadat Coop,13140000.0,5200000.0,15500000.0,1061.775,408.375,1361.25,3.0,2.0,4.0,4.0,3.0,5.0,1.6,1.0,2.0,0.6,0.0,2.0,0.2,0.0,1.0
Safari Garden,11000000.0,11000000.0,11000000.0,1361.25,1361.25,1361.25,3.0,3.0,3.0,4.0,4.0,4.0,1.0,1.0,1.0,0.0,0.0,0.0,0.0,0.0,0.0
Sahafi Colony,37375000.0,16500000.0,52000000.0,2450.25,1089.0,3267.0,5.0,5.0,5.0,5.25,5.0,6.0,1.25,1.0,2.0,0.25,0.0,1.0,0.5,0.0,1.0
Sajid Garden,12000000.0,8500000.0,15500000.0,748.6875,544.5,816.75,4.5,3.0,5.0,4.5,3.0,5.0,1.75,1.0,3.0,0.0,0.0,0.0,0.0,0.0,0.0
Salamatpura,6000000.0,6000000.0,6000000.0,462.825,462.825,462.825,3.0,3.0,3.0,2.0,2.0,2.0,1.0,1.0,1.0,0.0,0.0,0.0,0.0,0.0,0.0
Salli Town,9750000.0,8500000.0,11000000.0,667.0125,653.4,680.625,4.0,3.0,5.0,4.0,3.0,5.0,1.5,1.0,2.0,0.5,0.0,1.0,0.5,0.0,1.0
Samanabad,26907608.695652176,5500000.0,75000000.0,1357.1070652173914,272.25,2994.75,4.543478260869565,2.0,8.0,4.5978260869565215,2.0,7.0,1.7717391304347827,1.0,3.0,0.3804347826086957,0.0,2.0,0.43478260869565216,0.0,2.0
Samanzar Colony,10000000.0,7500000.0,12500000.0,680.625,544.5,816.75,2.5,2.0,3.0,2.5,2.0,3.0,2.0,2.0,2.0,1.0,1.0,1.0,0.5,0.0,1.0
Sami Town,9500000.0,9500000.0,9500000.0,680.625,680.625,680.625,2.0,2.0,2.0,4.0,4.0,4.0,2.0,2.0,2.0,1.0,1.0,1.0,0.0,0.0,0.0
Sanda,21250000.0,6500000.0,95000000.0,1565.4375,680.625,5989.500000000001,1.6666666666666667,1.0,5.0,1.8333333333333333,1.0,6.0,1.1666666666666667,1.0,2.0,1.1666666666666667,1.0,2.0,0.6666666666666666,0.0,1.0
Saroba Gardens,10000000.0,7500000.0,12500000.0,830.3625,816.75,843.975,2.5,2.0,3.0,3.0,2.0,4.0,1.5,1.0,2.0,1.0,1.0,1.0,0.5,0.0,1.0
Scheme Mor,7750000.0,6500000.0,9000000.0,503.6625,408.375,598.95,3.0,3.0,3.0,3.0,3.0,3.0,2.5,2.0,3.0,1.0,1.0,1.0,0.0,0.0,0.0
Shadab Garden,14178333.333333334,8000000.0,23000000.0,998.25,544.5,1497.375,3.6666666666666665,2.0,6.0,4.083333333333333,2.0,7.0,1.6833333333333333,1.0,3.0,0.5833333333333334,0.0,2.0,0.6,0.0,2.0
Shadman,123044444.44444445,60000000.0,210000000.0,6019.75,2722.5,12523.499999999998,5.333333333333333,4.0,8.0,5.333333333333333,5.0,6.0,1.7777777777777777,1.0,2.0,0.8888888888888888,0.0,2.0,0.7777777777777778,0.0,2.0
Shah Farid,8500000.0,8500000.0,8500000.0,544.5,544.5,544.5,2.0,2.0,2.0,3.0,3.0,3.0,2.0,2.0,2.0,1.0,1.0,1.0,0.0,0.0,0.0
Shah Jamal,149500000.0,27000000.0,250000000.0,10572.375,1361.25,21780.0,6.166666666666667,5.0,9.0,5.833333333333333,5.0,6.0,1.3333333333333333,1.0,2.0,0.5,0.0,2.0,0.5,0.0,1.0
Shah Khawar Town,19500000.0,19500000.0,19500000.0,1225.125,1225.125,1225.125,3.0,3.0,3.0,4.0,4.0,4.0,1.0,1.0,1.0,1.0,1.0,1.0,2.0,2.0,2.0
Shahdara,15000000.0,15000000.0,15000000.0,1089.0,1089.0,1089.0,4.0,4.0,4.0,4.0,4.0,4.0,1.0,1.0,1.0,0.0,0.0,0.0,0.0,0.0,0.0
Shaheen Colony,12500000.0,11500000.0,13500000.0,680.625,544.5,816.75,3.0,3.0,3.0,3.5,3.0,4.0,2.0,2.0,2.0,0.5,0.0,1.0,1.0,1.0,1.0
Shahid Town,15333333.333333334,13000000.0,19500000.0,998.25,816.75,1361.25,4.666666666666667,4.0,5.0,5.0,4.0,6.0,2.0,1.0,3.0,0.3333333333333333,0.0,1.0,0.0,0.0,0.0
Shahzada New Abadi,3000000.0,3000000.0,3000000.0,680.625,680.625,680.625,2.0,2.0,2.0,5.0,5.0,5.0,1.0,1.0,1.0,0.0,0.0,0.0,0.0,0.0,0.0
Shalimar Housing,22000000.0,19000000.0,25000000.0,1633.5,1089.0,2178.0,5.0,5.0,5.0,5.5,5.0,6.0,2.5,2.0,3.0,1.5,1.0,2.0,1.0,1.0,1.0
Shalimar Link Road,25000000.0,25000000.0,25000000.0,1551.825,1551.825,1551.825,5.0,5.0,5.0,6.0,6.0,6.0,2.0,2.0,2.0,0.0,0.0,0.0,0.0,0.0,0.0
Shalimar Town,9000000.0,9000000.0,9000000.0,1089.0,1089.0,1089.0,3.0,3.0,3.0,3.0,3.0,3.0,2.0,2.0,2.0,1.0,1.0,1.0,1.0,1.0,1.0
Sham Nagar,16500000.0,16500000.0,16500000.0,1089.0,1089.0,1089.0,6.0,6.0,6.0,6.0,6.0,6.0,1.0,1.0,1.0,0.0,0.0,0.0,0.0,0.0,0.0
Shama Road,26500000.0,26500000.0,26500000.0,1225.125,1225.125,1225.125,3.0,3.0,3.0,4.0,4.0,4.0,1.0,1.0,1.0,0.0,0.0,0.0,0.0,0.0,0.0
Sheraz Town,7916666.666666667,6000000.0,10500000.0,748.6875,544.5,1089.0,3.3333333333333335,3.0,4.0,3.8333333333333335,3.0,6.0,1.8333333333333333,1.0,2.0,0.8333333333333334,0.0,2.0,0.6666666666666666,0.0,2.0
Sheraz Villas,16900000.0,11000000.0,25000000.0,907.5,544.5,1361.25,4.333333333333333,3.0,6.0,4.666666666666667,3.0,7.0,1.0,1.0,1.0,0.0,0.0,0.0,0.0,0.0,0.0
Shershah Colony,9700000.0,7500000.0,12000000.0,777.8571428571429,544.5,816.75,3.0,1.0,4.0,3.5714285714285716,2.0,6.0,1.7142857142857142,1.0,3.0,0.7142857142857143,0.0,2.0,0.14285714285714285,0.0,1.0
Shoukat Town,13500000.0,13500000.0,13500000.0,816.75,816.75,816.75,3.0,3.0,3.0,4.0,4.0,4.0,1.0,1.0,1.0,0.0,0.0,0.0,0.0,0.0,0.0
Siddiqia Society,8500000.0,8500000.0,8500000.0,544.5,544.5,544.5,3.0,3.0,3.0,3.0,3.0,3.0,1.0,1.0,1.0,0.0,0.0,0.0,0.0,0.0,0.0
Skyland Waterpark,8400000.0,8400000.0,8400000.0,816.75,816.75,816.75,3.0,3.0,3.0,4.0,4.0,4.0,1.0,1.0,1.0,0.0,0.0,0.0,2.0,2.0,2.0
Sodiwal,18150000.0,9800000.0,26500000.0,1306.8,1089.0,1524.6,4.5,3.0,6.0,3.5,3.0,4.0,1.5,1.0,2.0,1.0,1.0,1.0,0.5,0.0,1.0
Sofia Farm Houses,74500000.0,74500000.0,74500000.0,21780.0,21780.0,21780.0,5.0,5.0,5.0,5.0,5.0,5.0,1.0,1.0,1.0,1.0,1.0,1.0,1.0,1.0,1.0
Sozo Town,9500000.0,4000000.0,16000000.0,1179.75,816.75,1361.25,2.6666666666666665,1.0,5.0,2.6666666666666665,1.0,5.0,1.3333333333333333,1.0,2.0,0.6666666666666666,0.0,1.0,0.6666666666666666,0.0,1.0
Spanish Villas,17600000.0,17600000.0,17600000.0,1361.25,1361.25,1361.25,4.0,4.0,4.0,4.0,4.0,4.0,1.0,1.0,1.0,0.0,0.0,0.0,0.0,0.0,0.0
Subhan Allah Garden,11750000.0,11000000.0,12500000.0,1089.0,816.75,1361.25,4.0,3.0,5.0,4.0,3.0,5.0,1.5,1.0,2.0,0.5,0.0,1.0,0.5,0.0,1.0
Sue-e-Asal,10650000.0,9800000.0,11500000.0,1660.725,1361.25,1960.2,7.0,7.0,7.0,4.0,2.0,6.0,2.0,2.0,2.0,1.0,1.0,1.0,1.0,1.0,1.0
Sufiabad,5700000.0,5700000.0,5700000.0,544.5,544.5,544.5,1.0,1.0,1.0,1.0,1.0,1.0,1.0,1.0,1.0,0.0,0.0,0.0,0.0,0.0,0.0
Sui Gas Society Phase 1,61916666.666666664,34000000.0,75000000.0,5445.0,5445.0,5445.0,5.0,3.0,7.0,5.666666666666667,4.0,7.0,1.8333333333333333,1.0,3.0,1.3333333333333333,0.0,2.0,1.0,0.0,2.0
Sukh Chayn Gardens,37762500.0,9500000.0,67500000.0,2790.5625,544.5,5445.0,3.875,1.0,5.0,4.375,2.0,6.0,1.875,1.0,2.0,1.25,1.0,2.0,0.625,0.0,1.0
Sultan Town,18000000.0,18000000.0,18000000.0,1089.0,1089.0,1089.0,4.0,4.0,4.0,5.0,5.0,5.0,1.0,1.0,1.0,0.0,0.0,0.0,0.0,0.0,0.0
Sunny Park,25250000.0,18500000.0,32000000.0,2314.125,1905.75,2722.5,4.5,4.0,5.0,5.0,4.0,6.0,1.0,1.0,1.0,0.5,0.0,1.0,0.0,0.0,0.0
Super Town,18333333.333333332,15000000.0,25000000.0,952.875,816.75,1225.125,3.0,3.0,3.0,4.0,4.0,4.0,1.6666666666666667,1.0,2.0,1.0,1.0,1.0,1.0,1.0,1.0
Supreme Villas,14000000.0,14000000.0,14000000.0,1089.0,1089.0,1089.0,3.0,3.0,3.0,3.0,3.0,3.0,2.0,2.0,2.0,1.0,1.0,1.0,1.0,1.0,1.0
T & T Aabpara Housing Society,20477777.777777776,11000000.0,24000000.0,1331.0,816.75,1633.5,3.7777777777777777,3.0,5.0,4.333333333333333,3.0,6.0,1.5555555555555556,1.0,3.0,0.5555555555555556,0.0,2.0,0.5555555555555556,0.0,1.0
TECH SOCIETY,155000000.0,155000000.0,155000000.0,8712.0,8712.0,8712.0,5.0,5.0,5.0,5.0,5.0,5.0,2.0,2.0,2.0,1.0,1.0,1.0,1.0,1.0,1.0
TIP Housing,34857142.85714286,23000000.0,62500000.0,3811.5,2450.25,5445.0,5.714285714285714,4.0,7.0,5.857142857142857,4.0,7.0,1.5714285714285714,1.0,2.0,1.0,0.0,2.0,0.5714285714285714,0.0,1.0
Taj Bagh,18875000.0,13000000.0,25000000.0,1327.21875,816.75,1905.75,4.125,3.0,5.0,4.5,3.0,6.0,1.625,1.0,2.0,0.25,0.0,1.0,0.625,0.0,2.0
Tajpura,8207608.695652174,4500000.0,45000000.0,671.1554347826087,272.25,1905.75,3.891304347826087,2.0,5.0,4.0,2.0,6.0,1.8478260869565217,1.0,2.0,0.6521739130434783,0.0,2.0,0.391304347826087,0.0,2.0
Tariq Gardens,44117073.17073171,22000000.0,102000000.0,2596.3353658536585,1361.25,6534.0,5.0,2.0,7.0,5.7317073170731705,3.0,7.0,1.829268292682927,1.0,3.0,0.8780487804878049,0.0,2.0,0.7073170731707317,0.0,2.0
Tech Society,325000000.0,80000000.0,570000000.0,7623.0,4356.0,10890.0,6.0,5.0,7.0,6.0,6.0,6.0,1.5,1.0,2.0,1.0,0.0,2.0,1.0,0.0,2.0
Temple Road,29500000.0,29500000.0,29500000.0,1089.0,1089.0,1089.0,6.0,6.0,6.0,6.0,6.0,6.0,3.0,3.0,3.0,1.0,1.0,1.0,1.0,1.0,1.0
Thokar Niaz Baig,9833333.333333334,6500000.0,12000000.0,884.8125,544.5,1089.0,4.0,3.0,5.0,4.0,3.0,5.0,1.5,1.0,2.0,0.6666666666666666,0.0,1.0,0.5,0.0,2.0
Township,49934782.60869565,9000000.0,260000000.0,4696.904347826087,544.5,21780.0,4.934782608695652,2.0,9.0,4.8478260869565215,2.0,7.0,1.391304347826087,1.0,3.0,0.34782608695652173,0.0,2.0,0.391304347826087,0.0,2.0
Tricon Village,22166666.666666668,13000000.0,32500000.0,1860.375,816.75,3267.0,3.5,3.0,4.0,3.8333333333333335,3.0,5.0,1.6666666666666667,1.0,2.0,0.5,0.0,1.0,0.5,0.0,1.0
UET Housing,38286956.52173913,21000000.0,58000000.0,3136.7934782608695,1361.25,5445.0,5.3478260869565215,3.0,7.0,5.869565217391305,3.0,7.0,1.7826086956521738,1.0,3.0,0.6956521739130435,0.0,2.0,0.6521739130434783,0.0,2.0
UMT Road,20000000.0,20000000.0,20000000.0,1361.25,1361.25,1361.25,6.0,6.0,6.0,6.0,6.0,6.0,1.0,1.0,1.0,0.0,0.0,0.0,0.0,0.0,0.0
Ulfat Green City,11750000.0,8000000.0,15500000.0,1089.0,1089.0,1089.0,3.0,3.0,3.0,4.0,4.0,4.0,1.5,1.0,2.0,0.0,0.0,0.0,0.0,0.0,0.0
Union Livings,19464705.88235294,7900000.0,27000000.0,1028.144117647059,816.75,1361.25,3.764705882352941,2.0,5.0,4.235294117647059,2.0,6.0,1.7058823529411764,1.0,3.0,0.4117647058823529,0.0,2.0,0.17647058823529413,0.0,1.0
Upper Mall,255000000.0,140000000.0,430000000.0,13612.5,8167.5,21780.0,5.0,5.0,5.0,6.666666666666667,6.0,7.0,2.0,2.0,2.0,0.3333333333333333,0.0,1.0,0.6666666666666666,0.0,2.0
"VALENCIA -  COMMERCIAL ZONE A1, VALENCIA HOUSING SOCIETY",70000000.0,70000000.0,70000000.0,4900.5,4900.5,4900.5,5.0,5.0,5.0,5.0,5.0,5.0,2.0,2.0,2.0,1.0,1.0,1.0,1.0,1.0,1.0
"VITAL HOMES AA, VITAL HOMES HOUSING SCHEME",15700000.0,10000000.0,23000000.0,1050.107142857143,816.75,1361.25,3.5714285714285716,3.0,5.0,4.142857142857143,3.0,6.0,1.7142857142857142,1.0,3.0,0.7142857142857143,0.0,2.0,0.7142857142857143,0.0,2.0
"VITAL HOMES DD, VITAL HOMES HOUSING SCHEME",11715384.615384616,11000000.0,12500000.0,816.75,816.75,816.75,3.1538461538461537,3.0,4.0,4.076923076923077,4.0,5.0,1.4615384615384615,1.0,2.0,0.5384615384615384,0.0,2.0,0.7692307692307693,0.0,2.0
"VITAL HOMES EE, VITAL HOMES HOUSING SCHEME",11716666.666666666,11500000.0,12200000.0,816.75,816.75,816.75,3.0,3.0,3.0,4.0,4.0,4.0,2.0,2.0,2.0,1.1666666666666667,0.0,2.0,1.1666666666666667,0.0,2.0
Valencia,77832377.04918033,18900000.0,229000000.0,5343.464139344263,1361.25,13068.0,5.426229508196721,3.0,10.0,5.827868852459017,2.0,7.0,1.9098360655737705,1.0,3.0,1.098360655737705,0.0,2.0,0.9385245901639344,0.0,2.0
Venus Housing,24778571.42857143,12400000.0,37000000.0,1827.9642857142858,816.75,2722.5,4.642857142857143,3.0,6.0,5.142857142857143,3.0,6.0,1.5,1.0,2.0,0.35714285714285715,0.0,1.0,0.42857142857142855,0.0,2.0
Vital Homes,11750000.0,11500000.0,12000000.0,816.75,816.75,816.75,3.0,3.0,3.0,3.75,3.0,4.0,1.75,1.0,2.0,0.25,0.0,1.0,0.25,0.0,1.0
Wahdat Road,16399999.999999998,16399999.999999998,16399999.999999998,816.75,816.75,816.75,4.0,4.0,4.0,5.0,5.0,5.0,1.0,1.0,1.0,0.0,0.0,0.0,0.0,0.0,0.0
Walton Road,15560000.0,10500000.0,23800000.0,797.6925,680.625,1279.575,3.1,3.0,4.0,3.5,3.0,5.0,1.9,1.0,2.0,0.7,0.0,2.0,0.4,0.0,1.0
Wapda Town Phase 1,53636320.75471698,16000000.0,150000000.0,3873.1415094339623,816.75,11434.5,4.886792452830188,2.0,8.0,5.273584905660377,2.0,7.0,1.7452830188679245,1.0,3.0,0.910377358490566,0.0,2.0,0.7405660377358491,0.0,2.0
Wapda Town Phase 2,58500000.0,39500000.0,77500000.0,4083.75,2722.5,5445.0,4.5,3.0,6.0,4.5,3.0,6.0,2.0,1.0,3.0,1.0,0.0,2.0,0.5,0.0,1.0
Yateem Khana Chowk,11900000.0,7300000.0,16500000.0,993.7125,680.625,1306.8,3.0,3.0,3.0,3.5,3.0,4.0,1.0,1.0,1.0,0.0,0.0,0.0,0.0,0.0,0.0
Zaamin City Phase 1,17360000.0,16500000.0,18500000.0,1361.25,1361.25,1361.25,4.0,4.0,4.0,4.0,4.0,4.0,1.4,1.0,2.0,0.6,0.0,1.0,0.6,0.0,1.0
Zaheer Villas,11500000.0,8000000.0,15000000.0,952.875,816.75,1089.0,2.5,2.0,3.0,3.5,3.0,4.0,1.5,1.0,2.0,1.0,1.0,1.0,0.5,0.0,1.0
Zaman Colony,14750000.0,12500000.0,17000000.0,544.5,544.5,544.5,3.0,3.0,3.0,4.0,4.0,4.0,1.5,1.0,2.0,0.5,0.0,1.0,0.5,0.0,1.0
Zaman Park,220000000.0,220000000.0,220000000.0,12523.499999999998,12523.499999999998,12523.499999999998,6.0,6.0,6.0,6.0,6.0,6.0,1.0,1.0,1.0,0.0,0.0,0.0,0.0,0.0,0.0
